0,0
0.01,2.3334e-05
0.02,6.95294e-05
0.03,0.000137813
0.04,0.000227125
0.05,0.000336129
0.06,0.000463234
0.07,0.000606615
0.08,0.000764234
0.09,0.00093387
0.1,0.00111314
0.11,0.00129954
0.12,0.00149047
0.13,0.00168325
0.14,0.00187518
0.15,0.00206356
0.16,0.00224573
0.17,0.00241907
0.18,0.00258109
0.19,0.00272939
0.2,0.00286175
0.21,0.00297611
0.22,0.00307064
0.23,0.00314371
0.24,0.00319393
0.25,0.0032202
0.26,0.00322165
0.27,0.00319773
0.28,0.00314815
0.29,0.00307291
0.3,0.00297232
0.31,0.00284695
0.32,0.00269765
0.33,0.00252556
0.34,0.00233204
0.35,0.00211869
0.36,0.00188736
0.37,0.00164006
0.38,0.00137897
0.39,0.00110645
0.4,0.000824936
0.41,0.000536985
0.42,0.000245202
0.43,-4.77732e-05
0.44,-0.0003393
0.45,-0.000626766
0.46,-0.000907616
0.47,-0.00117938
0.48,-0.0014397
0.49,-0.00168636
0.5,-0.00191729
0.51,-0.00213064
0.52,-0.00232472
0.53,-0.0024981
0.54,-0.00264955
0.55,-0.00277811
0.56,-0.00288307
0.57,-0.00296399
0.58,-0.00302067
0.59,-0.00305319
0.6,-0.00306188
0.61,-0.00304735
0.62,-0.00301042
0.63,-0.00295216
0.64,-0.00287385
0.65,-0.00277697
0.66,-0.0026632
0.67,-0.00253435
0.68,-0.00239239
0.69,-0.00223939
0.7,-0.0020775
0.71,-0.00190896
0.72,-0.00173603
0.73,-0.00156095
0.74,-0.00138599
0.75,-0.00121334
0.76,-0.00104513
0.77,-0.000883403
0.78,-0.000730066
0.79,-0.0005869
0.8,-0.000455524
0.81,-0.000337379
0.82,-0.000233714
0.83,-0.000145574
0.84,-7.37855e-05
0.85,-1.89543e-05
0.86,1.85442e-05
0.87,3.85652e-05
0.88,4.11944e-05
0.89,2.67454e-05
0.9,-4.24648e-06
0.91,-5.10325e-05
0.92,-0.000112661
0.93,-0.000187992
0.94,-0.00027571
0.95,-0.000374343
0.96,-0.000482282
0.97,-0.000597799
0.98,-0.000719073
0.99,-0.000844207
1,-0.000971257
1.01,-0.00109825
1.02,-0.00122322
1.03,-0.00134422
1.04,-0.00145934
1.05,-0.00156675
1.06,-0.0016647
1.07,-0.00175157
1.08,-0.00182585
1.09,-0.0018862
1.1,-0.00193141
1.11,-0.00196049
1.12,-0.0019726
1.13,-0.00196714
1.14,-0.00194367
1.15,-0.00190199
1.16,-0.0018421
1.17,-0.00176423
1.18,-0.00166879
1.19,-0.0015564
1.2,-0.0014279
1.21,-0.00128428
1.22,-0.00112672
1.23,-0.000956571
1.24,-0.000775299
1.25,-0.000584515
1.26,-0.000385931
1.27,-0.000181347
1.28,2.73719e-05
1.29,0.000238315
1.3,0.000449549
1.31,0.00065914
1.32,0.000865176
1.33,0.00106579
1.34,0.00125916
1.35,0.00144358
1.36,0.00161742
1.37,0.00177918
1.38,0.0019275
1.39,0.00206115
1.4,0.00217909
1.41,0.00228044
1.42,0.0023645
1.43,0.00243076
1.44,0.00247891
1.45,0.00250883
1.46,0.00252058
1.47,0.00251445
1.48,0.00249087
1.49,0.00245048
1.5,0.0023941
1.51,0.00232267
1.52,0.00223732
1.53,0.00213929
1.54,0.00202995
1.55,0.00191076
1.56,0.00178327
1.57,0.00164911
1.58,0.00150992
1.59,0.0013674
1.6,0.00122323
1.61,0.00107911
1.62,0.000936661
1.63,0.000797495
1.64,0.00066313
1.65,0.000535005
1.66,0.000414455
1.67,0.000302697
1.68,0.000200819
1.69,0.000109766
1.7,3.03321e-05
1.71,-3.68469e-05
1.72,-9.13016e-05
1.73,-0.000132731
1.74,-0.000161005
1.75,-0.000176163
1.76,-0.000178415
1.77,-0.000168133
1.78,-0.000145847
1.79,-0.00011224
1.8,-6.81324e-05
1.81,-1.44749e-05
1.82,4.7665e-05
1.83,0.000117117
1.84,0.000192624
1.85,0.000272856
1.86,0.000356429
1.87,0.000441922
1.88,0.000527893
1.89,0.000612898
1.9,0.000695509
1.91,0.000774329
1.92,0.000848013
1.93,0.00091528
1.94,0.000974929
1.95,0.00102586
1.96,0.00106706
1.97,0.00109768
1.98,0.00111695
1.99,0.00112427
2,0.00111917
2.01,0.00110135
2.02,0.00107064
2.03,0.00102703
2.04,0.000970688
2.05,0.000901906
2.06,0.000821137
2.07,0.000728977
2.08,0.000626156
2.09,0.000513532
2.1,0.00039208
2.11,0.000262876
2.12,0.000127094
2.13,-1.40185e-05
2.14,-0.000159147
2.15,-0.000306931
2.16,-0.000455976
2.17,-0.000604871
2.18,-0.000752204
2.19,-0.000896579
2.2,-0.00103663
2.21,-0.00117105
2.22,-0.00129856
2.23,-0.001418
2.24,-0.00152828
2.25,-0.00162839
2.26,-0.00171745
2.27,-0.00179471
2.28,-0.00185954
2.29,-0.00191142
2.3,-0.00195001
2.31,-0.00197508
2.32,-0.00198656
2.33,-0.00198452
2.34,-0.00196918
2.35,-0.00194086
2.36,-0.00190007
2.37,-0.00184741
2.38,-0.0017836
2.39,-0.00170947
2.4,-0.00162598
2.41,-0.00153412
2.42,-0.00143501
2.43,-0.0013298
2.44,-0.0012197
2.45,-0.00110594
2.46,-0.000989783
2.47,-0.000872499
2.48,-0.000755337
2.49,-0.000639528
2.5,-0.000526263
2.51,-0.000416682
2.52,-0.000311861
2.53,-0.0002128
2.54,-0.000120413
2.55,-3.55186e-05
2.56,4.1172e-05
2.57,0.000109057
2.58,0.000167654
2.59,0.000216601
2.6,0.000255661
2.61,0.000284726
2.62,0.00030381
2.63,0.000313055
2.64,0.000312723
2.65,0.000303193
2.66,0.000284958
2.67,0.00025861
2.68,0.000224843
2.69,0.000184434
2.7,0.000138238
2.71,8.71737e-05
2.72,3.22162e-05
2.73,-2.56199e-05
2.74,-8.5291e-05
2.75,-0.000145738
2.76,-0.000205898
2.77,-0.00026472
2.78,-0.000321175
2.79,-0.000374271
2.8,-0.000423062
2.81,-0.00046666
2.82,-0.000504249
2.83,-0.00053509
2.84,-0.00055853
2.85,-0.000574013
2.86,-0.000581083
2.87,-0.000579392
2.88,-0.000568701
2.89,-0.000548883
2.9,-0.000519925
2.91,-0.000481929
2.92,-0.000435107
2.93,-0.000379782
2.94,-0.000316381
2.95,-0.000245429
2.96,-0.000167548
2.97,-8.34429e-05
2.98,6.10379e-06
2.99,0.000100242
3,0.000198062
3.01,0.000298611
3.02,0.000400898
3.03,0.000503907
3.04,0.000606612
3.05,0.000707985
3.06,0.000807011
3.07,0.000902696
3.08,0.000994083
3.09,0.00108026
3.1,0.00116036
3.11,0.0012336
3.12,0.00129926
3.13,0.00135669
3.14,0.00140536
3.15,0.0014448
3.16,0.00147466
3.17,0.00149469
3.18,0.00150473
3.19,0.00150474
3.2,0.00149479
3.21,0.00147503
3.22,0.00144574
3.23,0.00140729
3.24,0.00136012
3.25,0.0013048
3.26,0.00124194
3.27,0.00117224
3.28,0.00109646
3.29,0.00101544
3.3,0.000930019
3.31,0.000841111
3.32,0.000749636
3.33,0.000656533
3.34,0.000562743
3.35,0.000469201
3.36,0.000376823
3.37,0.000286498
3.38,0.000199075
3.39,0.000115357
3.4,3.60913e-05
3.41,-3.80391e-05
3.42,-0.000106423
3.43,-0.000168525
3.44,-0.000223895
3.45,-0.000272167
3.46,-0.000313068
3.47,-0.000346415
3.48,-0.000372121
3.49,-0.00039019
3.5,-0.000400719
3.51,-0.000403897
3.52,-0.000399997
3.53,-0.000389376
3.54,-0.00037247
3.55,-0.000349784
3.56,-0.000321888
3.57,-0.000289411
3.58,-0.000253028
3.59,-0.000213456
3.6,-0.000171443
3.61,-0.000127759
3.62,-8.31851e-05
3.63,-3.85067e-05
3.64,5.49894e-06
3.65,4.80706e-05
3.66,8.84724e-05
3.67,0.000126003
3.68,0.000160004
3.69,0.000189866
3.7,0.000215039
3.71,0.000235035
3.72,0.000249436
3.73,0.000257899
3.74,0.000260159
3.75,0.000256029
3.76,0.000245408
3.77,0.000228276
3.78,0.000204699
3.79,0.000174821
3.8,0.000138872
3.81,9.71532e-05
3.82,5.00435e-05
3.83,-2.01158e-06
3.84,-5.85031e-05
3.85,-0.000118866
3.86,-0.000182483
3.87,-0.000248698
3.88,-0.000316817
3.89,-0.000386122
3.9,-0.000455875
3.91,-0.000525331
3.92,-0.000593742
3.93,-0.000660371
3.94,-0.000724497
3.95,-0.000785422
3.96,-0.000842483
3.97,-0.000895059
3.98,-0.000942573
3.99,-0.000984505
4,-0.00102039
4.01,-0.00104984
4.02,-0.00107253
4.03,-0.00108819
4.04,-0.00109666
4.05,-0.00109782
4.06,-0.00109166
4.07,-0.00107822
4.08,-0.00105764
4.09,-0.00103012
4.1,-0.00099594
4.11,-0.000955442
4.12,-0.000909035
4.13,-0.00085719
4.14,-0.000800426
4.15,-0.000739313
4.16,-0.000674461
4.17,-0.000606513
4.18,-0.000536137
4.19,-0.000464022
4.2,-0.000390863
4.21,-0.000317361
4.22,-0.00024421
4.23,-0.000172091
4.24,-0.000101663
4.25,-3.35587e-05
4.26,3.16256e-05
4.27,9.33346e-05
4.28,0.00015106
4.29,0.000204348
4.3,0.000252799
4.31,0.000296077
4.32,0.00033391
4.33,0.000366091
4.34,0.000392485
4.35,0.000413022
4.36,0.000427705
4.37,0.000436603
4.38,0.000439852
4.39,0.000437653
4.4,0.00043027
4.41,0.000418021
4.42,0.000401279
4.43,0.000380465
4.44,0.000356043
4.45,0.000328513
4.46,0.000298404
4.47,0.00026627
4.48,0.000232681
4.49,0.000198217
4.5,0.000163459
4.51,0.000128986
4.52,9.53619e-05
4.53,6.31351e-05
4.54,3.28278e-05
4.55,4.93163e-06
4.56,-2.00986e-05
4.57,-4.18501e-05
4.58,-5.99567e-05
4.59,-7.41031e-05
4.6,-8.40281e-05
4.61,-8.95279e-05
4.62,-9.04579e-05
4.63,-8.67339e-05
4.64,-7.83334e-05
4.65,-6.52951e-05
4.66,-4.77179e-05
4.67,-2.57601e-05
4.68,3.63368e-07
4.69,3.03836e-05
4.7,6.3981e-05
4.71,0.00010079
4.72,0.000140402
4.73,0.000182373
4.74,0.000226227
4.75,0.000271462
4.76,0.000317556
4.77,0.000363976
4.78,0.000410178
4.79,0.000455622
4.8,0.000499771
4.81,0.000542101
4.82,0.000582106
4.83,0.000619304
4.84,0.000653244
4.85,0.000683508
4.86,0.000709718
4.87,0.000731542
4.88,0.000748693
4.89,0.000760935
4.9,0.000768088
4.91,0.000770023
4.92,0.000766671
4.93,0.000758018
4.94,0.000744108
4.95,0.000725042
4.96,0.000700973
4.97,0.000672109
4.98,0.000638709
4.99,0.000601078
5,0.000559564
5.01,0.000514555
5.02,0.000466473
5.03,0.000415772
5.04,0.000362927
5.05,0.000308434
5.06,0.000252803
5.07,0.00019655
5.08,0.000140193
5.09,8.42458e-05
5.1,2.9212e-05
5.11,-2.44198e-05
5.12,-7.61821e-05
5.13,-0.000125633
5.14,-0.000172363
5.15,-0.000215995
5.16,-0.000256193
5.17,-0.000292663
5.18,-0.000325154
5.19,-0.000353467
5.2,-0.000377448
5.21,-0.000396997
5.22,-0.000412063
5.23,-0.000422648
5.24,-0.000428803
5.25,-0.000430629
5.26,-0.000428276
5.27,-0.000421938
5.28,-0.000411853
5.29,-0.000398297
5.3,-0.000381581
5.31,-0.000362051
5.32,-0.000340078
5.33,-0.000316054
5.34,-0.000290392
5.35,-0.000263515
5.36,-0.000235854
5.37,-0.000207843
5.38,-0.000179911
5.39,-0.00015248
5.4,-0.000125959
5.41,-0.000100739
5.42,-7.7187e-05
5.43,-5.56442e-05
5.44,-3.64212e-05
5.45,-1.97941e-05
5.46,-6.00175e-06
5.47,4.75681e-06
5.48,1.23245e-05
5.49,1.65878e-05
5.5,1.74778e-05
5.51,1.49708e-05
5.52,9.08804e-06
5.53,-1.04457e-07
5.54,-1.24973e-05
5.55,-2.79392e-05
5.56,-4.62391e-05
5.57,-6.71684e-05
5.58,-9.04644e-05
5.59,-0.000115833
5.6,-0.000142954
5.61,-0.000171483
5.62,-0.000201055
5.63,-0.000231294
5.64,-0.000261811
5.65,-0.000292213
5.66,-0.000322105
5.67,-0.000351099
5.68,-0.000378812
5.69,-0.000404878
5.7,-0.000428945
5.71,-0.000450686
5.72,-0.000469796
5.73,-0.000486002
5.74,-0.000499061
5.75,-0.000508766
5.76,-0.000514947
5.77,-0.000517473
5.78,-0.000516254
5.79,-0.000511239
5.8,-0.000502421
5.81,-0.000489836
5.82,-0.000473558
5.83,-0.000453703
5.84,-0.000430427
5.85,-0.000403921
5.86,-0.00037441
5.87,-0.000342154
5.88,-0.000307439
5.89,-0.000270577
5.9,-0.000231903
5.91,-0.000191768
5.92,-0.000150539
5.93,-0.000108591
5.94,-6.63048e-05
5.95,-2.4063e-05
5.96,1.77559e-05
5.97,5.87803e-05
5.98,9.86503e-05
5.99,0.000137022
6,0.000173569
6.01,0.00020799
6.02,0.000240009
6.03,0.000269377
6.04,0.000295878
6.05,0.00031933
6.06,0.000339584
6.07,0.000356531
6.08,0.000370096
6.09,0.000380243
6.1,0.000386976
6.11,0.000390334
6.12,0.000390393
6.13,0.000387265
6.14,0.000381096
6.15,0.000372062
6.16,0.000360371
6.17,0.000346255
6.18,0.00032997
6.19,0.000311793
6.2,0.000292017
6.21,0.00027095
6.22,0.000248906
6.23,0.000226208
6.24,0.000203179
6.25,0.000180139
6.26,0.000157405
6.27,0.000135281
6.28,0.00011406
6.29,9.40184e-05
6.3,7.54116e-05
6.31,5.84738e-05
6.32,4.34134e-05
6.33,3.04119e-05
6.34,1.9621e-05
6.35,1.11618e-05
6.36,5.12323e-06
6.37,1.5615e-06
6.38,4.99412e-07
6.39,1.92655e-06
6.4,5.79961e-06
6.41,1.20432e-05
6.42,2.0551e-05
6.43,3.11872e-05
6.44,4.37884e-05
6.45,5.81658e-05
6.46,7.41078e-05
6.47,9.13822e-05
6.48,0.00010974
6.49,0.000128917
6.5,0.00014864
6.51,0.000168625
6.52,0.000188588
6.53,0.00020824
6.54,0.000227299
6.55,0.000245487
6.56,0.000262534
6.57,0.000278187
6.58,0.000292205
6.59,0.000304366
6.6,0.000314472
6.61,0.000322344
6.62,0.000327833
6.63,0.000330814
6.64,0.000331192
6.65,0.000328901
6.66,0.000323905
6.67,0.000316201
6.68,0.000305813
6.69,0.000292799
6.7,0.000277243
6.71,0.00025926
6.72,0.000238991
6.73,0.000216603
6.74,0.000192286
6.75,0.000166251
6.76,0.000138727
6.77,0.00010996
6.78,8.02092e-05
6.79,4.97436e-05
6.8,1.8839e-05
6.81,-1.22245e-05
6.82,-4.31664e-05
6.83,-7.37085e-05
6.84,-0.000103578
6.85,-0.000132511
6.86,-0.000160254
6.87,-0.00018657
6.88,-0.000211236
6.89,-0.000234051
6.9,-0.000254833
6.91,-0.000273424
6.92,-0.000289691
6.93,-0.000303527
6.94,-0.000314852
6.95,-0.000323613
6.96,-0.000329786
6.97,-0.000333375
6.98,-0.000334411
6.99,-0.000332952
7,-0.000329083
7.01,-0.000322914
7.02,-0.000314577
7.03,-0.000304227
7.04,-0.000292039
7.05,-0.000278204
7.06,-0.000262928
7.07,-0.000246431
7.08,-0.000228941
7.09,-0.000210696
7.1,-0.000191934
7.11,-0.000172897
7.12,-0.000153826
7.13,-0.000134956
7.14,-0.000116517
7.15,-9.87256e-05
7.16,-8.17907e-05
7.17,-6.59044e-05
7.18,-5.12427e-05
7.19,-3.79631e-05
7.2,-2.62031e-05
7.21,-1.60784e-05
7.22,-7.68198e-06
7.23,-1.08328e-06
7.24,3.67257e-06
7.25,6.56501e-06
7.26,7.598e-06
7.27,6.79983e-06
7.28,4.22249e-06
7.29,-5.91102e-08
7.3,-5.94829e-06
7.31,-1.33279e-05
7.32,-2.20621e-05
7.33,-3.19977e-05
7.34,-4.29667e-05
7.35,-5.47881e-05
7.36,-6.72704e-05
7.37,-8.02136e-05
7.38,-9.34122e-05
7.39,-0.000106658
7.4,-0.00011974
7.41,-0.000132453
7.42,-0.000144592
7.43,-0.000155961
7.44,-0.000166374
7.45,-0.000175655
7.46,-0.000183642
7.47,-0.000190188
7.48,-0.000195163
7.49,-0.000198457
7.5,-0.000199979
7.51,-0.000199658
7.52,-0.000197445
7.53,-0.000193316
7.54,-0.000187265
7.55,-0.000179311
7.56,-0.000169496
7.57,-0.000157882
7.58,-0.000144552
7.59,-0.000129609
7.6,-0.000113175
7.61,-9.53898e-05
7.62,-7.64071e-05
7.63,-5.63953e-05
7.64,-3.5534e-05
7.65,-1.40129e-05
7.66,7.97115e-06
7.67,3.02162e-05
7.68,5.25172e-05
7.69,7.4669e-05
7.7,9.64678e-05
7.71,0.000117714
7.72,0.000138215
7.73,0.000157786
7.74,0.000176253
7.75,0.000193454
7.76,0.000209242
7.77,0.000223484
7.78,0.000236067
7.79,0.000246893
7.8,0.000255886
7.81,0.000262987
7.82,0.000268162
7.83,0.000271392
7.84,0.000272683
7.85,0.00027206
7.86,0.000269568
7.87,0.000265271
7.88,0.000259252
7.89,0.000251611
7.9,0.000242465
7.91,0.000231942
7.92,0.000220188
7.93,0.000207357
7.94,0.000193612
7.95,0.000179125
7.96,0.000164071
7.97,0.000148631
7.98,0.000132984
7.99,0.000117311
8,0.000101788
8.01,8.65847e-05
8.02,7.18665e-05
8.03,5.77881e-05
8.04,4.44941e-05
8.05,3.21169e-05
8.06,2.07752e-05
8.07,1.05728e-05
8.08,1.59764e-06
8.09,-6.07921e-06
8.1,-1.24041e-05
8.11,-1.73412e-05
8.12,-2.08731e-05
8.13,-2.30001e-05
8.14,-2.3741e-05
8.15,-2.31317e-05
8.16,-2.12254e-05
8.17,-1.80913e-05
8.18,-1.38136e-05
8.19,-8.49079e-06
8.2,-2.23387e-06
8.21,4.83492e-06
8.22,1.25837e-05
8.23,2.08726e-05
8.24,2.95557e-05
8.25,3.84826e-05
8.26,4.75004e-05
8.27,5.64556e-05
8.28,6.51961e-05
8.29,7.35727e-05
8.3,8.14414e-05
8.31,8.86645e-05
8.32,9.51128e-05
8.33,0.000100667
8.34,0.000105219
8.35,0.000108672
8.36,0.000110946
8.37,0.000111971
8.38,0.000111697
8.39,0.000110086
8.4,0.000107119
8.41,0.000102791
8.42,9.71158e-05
8.43,9.01223e-05
8.44,8.18552e-05
8.45,7.2375e-05
8.46,6.17564e-05
8.47,5.00879e-05
8.48,3.74706e-05
8.49,2.4017e-05
8.5,9.84944e-06
8.51,-4.90091e-06
8.52,-2.00959e-05
8.53,-3.5592e-05
8.54,-5.12417e-05
8.55,-6.68957e-05
8.56,-8.24041e-05
8.57,-9.76186e-05
8.58,-0.000112394
8.59,-0.000126588
8.6,-0.000140069
8.61,-0.000152707
8.62,-0.000164387
8.63,-0.000175001
8.64,-0.000184452
8.65,-0.00019266
8.66,-0.000199553
8.67,-0.000205076
8.68,-0.000209189
8.69,-0.000211867
8.7,-0.000213098
8.71,-0.000212888
8.72,-0.000211257
8.73,-0.00020824
8.74,-0.000203885
8.75,-0.000198256
8.76,-0.000191427
8.77,-0.000183485
8.78,-0.00017453
8.79,-0.000164667
8.8,-0.000154013
8.81,-0.000142689
8.82,-0.000130825
8.83,-0.00011855
8.84,-0.000106
8.85,-9.3309e-05
8.86,-8.06106e-05
8.87,-6.80367e-05
8.88,-5.57151e-05
8.89,-4.37685e-05
8.9,-3.23129e-05
8.91,-2.14565e-05
8.92,-1.12985e-05
8.93,-1.92801e-06
8.94,6.57679e-06
8.95,1.41495e-05
8.96,2.07362e-05
8.97,2.62959e-05
8.98,3.08006e-05
8.99,3.42361e-05
9,3.66013e-05
9.01,3.79087e-05
9.02,3.81836e-05
9.03,3.74639e-05
9.04,3.57996e-05
9.05,3.32519e-05
9.06,2.98922e-05
9.07,2.58017e-05
9.08,2.10695e-05
9.09,1.57924e-05
9.1,1.00728e-05
9.11,4.01784e-06
9.12,-2.26198e-06
9.13,-8.65426e-06
9.14,-1.5046e-05
9.15,-2.13251e-05
9.16,-2.73817e-05
9.17,-3.31092e-05
9.18,-3.84061e-05
9.19,-4.31768e-05
9.2,-4.73328e-05
9.21,-5.07938e-05
9.22,-5.34887e-05
9.23,-5.53562e-05
9.24,-5.63456e-05
9.25,-5.64176e-05
9.26,-5.55444e-05
9.27,-5.37102e-05
9.28,-5.09111e-05
9.29,-4.71555e-05
9.3,-4.24636e-05
9.31,-3.68672e-05
9.32,-3.04095e-05
9.33,-2.31444e-05
9.34,-1.51356e-05
9.35,-6.45638e-06
9.36,2.81187e-06
9.37,1.25803e-05
9.38,2.27536e-05
9.39,3.32315e-05
9.4,4.39095e-05
9.41,5.46806e-05
9.42,6.54358e-05
9.43,7.60664e-05
9.44,8.64642e-05
9.45,9.65234e-05
9.46,0.000106142
9.47,0.000115222
9.48,0.000123671
9.49,0.000131404
9.5,0.000138343
9.51,0.000144419
9.52,0.000149573
9.53,0.000153754
9.54,0.000156923
9.55,0.00015905
9.56,0.000160119
9.57,0.000160123
9.58,0.000159067
9.59,0.000156967
9.6,0.000153848
9.61,0.00014975
9.62,0.000144718
9.63,0.00013881
9.64,0.00013209
9.65,0.000124633
9.66,0.000116518
9.67,0.000107832
9.68,9.86655e-05
9.69,8.91142e-05
9.7,7.9276e-05
9.71,6.92507e-05
9.72,5.91387e-05
9.73,4.90396e-05
9.74,3.90517e-05
9.75,2.927e-05
9.76,1.97859e-05
9.77,1.0686e-05
9.78,2.05094e-06
9.79,-6.04519e-06
9.8,-1.35358e-05
9.81,-2.03624e-05
9.82,-2.64751e-05
9.83,-3.18335e-05
9.84,-3.64064e-05
9.85,-4.01727e-05
9.86,-4.31209e-05
9.87,-4.52498e-05
9.88,-4.65678e-05
9.89,-4.70931e-05
9.9,-4.68532e-05
9.91,-4.58844e-05
9.92,-4.42314e-05
9.93,-4.19466e-05
9.94,-3.90895e-05
9.95,-3.57258e-05
9.96,-3.19265e-05
9.97,-2.77671e-05
9.98,-2.33267e-05
9.99,-1.86868e-05
10,-1.39303e-05
10.01,-9.14088e-06
10.02,-4.40146e-06
10.03,2.06551e-07
10.04,4.60423e-06
10.05,8.71616e-06
10.06,1.24712e-05
10.07,1.58036e-05
10.08,1.86534e-05
10.09,2.09673e-05
10.1,2.26993e-05
10.11,2.38113e-05
10.12,2.42732e-05
10.13,2.40635e-05
10.14,2.31696e-05
10.15,2.15876e-05
10.16,1.93225e-05
10.17,1.6388e-05
10.18,1.28065e-05
10.19,8.60862e-06
10.2,3.83279e-06
10.21,-1.47511e-06
10.22,-7.2624e-06
10.23,-1.34703e-05
10.24,-2.00344e-05
10.25,-2.68859e-05
10.26,-3.39519e-05
10.27,-4.11568e-05
10.28,-4.84227e-05
10.29,-5.56706e-05
10.3,-6.28214e-05
10.31,-6.97966e-05
10.32,-7.65193e-05
10.33,-8.29153e-05
10.34,-8.89134e-05
10.35,-9.4447e-05
10.36,-9.9454e-05
10.37,-0.000103878
10.38,-0.00010767
10.39,-0.000110785
10.4,-0.000113189
10.41,-0.000114853
10.42,-0.000115756
10.43,-0.000115886
10.44,-0.00011524
10.45,-0.000113821
10.46,-0.000111643
10.47,-0.000108725
10.48,-0.000105096
10.49,-0.000100792
10.5,-9.58543e-05
10.51,-9.03322e-05
10.52,-8.42804e-05
10.53,-7.77585e-05
10.54,-7.08308e-05
10.55,-6.35652e-05
10.56,-5.60324e-05
10.57,-4.83054e-05
10.58,-4.04581e-05
10.59,-3.25651e-05
10.6,-2.47005e-05
10.61,-1.6937e-05
10.62,-9.34537e-06
10.63,-1.99338e-06
10.64,5.05471e-06
10.65,1.1739e-05
10.66,1.80044e-05
10.67,2.38014e-05
10.68,2.90866e-05
10.69,3.38229e-05
10.7,3.798e-05
10.71,4.15347e-05
10.72,4.44712e-05
10.73,4.67808e-05
10.74,4.84624e-05
10.75,4.95219e-05
10.76,4.99728e-05
10.77,4.98351e-05
10.78,4.91355e-05
10.79,4.79071e-05
10.8,4.61885e-05
10.81,4.40236e-05
10.82,4.1461e-05
10.83,3.85532e-05
10.84,3.53561e-05
10.85,3.19282e-05
10.86,2.83301e-05
10.87,2.46231e-05
10.88,2.08695e-05
10.89,1.71307e-05
10.9,1.34673e-05
10.91,9.93812e-06
10.92,6.59931e-06
10.93,3.50395e-06
10.94,7.01291e-07
10.95,-1.76376e-06
10.96,-3.85118e-06
10.97,-5.52624e-06
10.98,-6.75995e-06
10.99,-7.52931e-06
11,-7.81759e-06
11.01,-7.61449e-06
11.02,-6.91623e-06
11.03,-5.72551e-06
11.04,-4.05153e-06
11.05,-1.90976e-06
11.06,6.78224e-07
11.07,3.68505e-06
11.08,7.07791e-06
11.09,1.0819e-05
11.1,1.48658e-05
11.11,1.91721e-05
11.12,2.36879e-05
11.13,2.83606e-05
11.14,3.31352e-05
11.15,3.79553e-05
11.16,4.27636e-05
11.17,4.75026e-05
11.18,5.21153e-05
11.19,5.65459e-05
11.2,6.07402e-05
11.21,6.46469e-05
11.22,6.82173e-05
11.23,7.14066e-05
11.24,7.41739e-05
11.25,7.6483e-05
11.26,7.83028e-05
11.27,7.96072e-05
11.28,8.03761e-05
11.29,8.0595e-05
11.3,8.02553e-05
11.31,7.93547e-05
11.32,7.78969e-05
11.33,7.58914e-05
11.34,7.33537e-05
11.35,7.0305e-05
11.36,6.67719e-05
11.37,6.27859e-05
11.38,5.83834e-05
11.39,5.3605e-05
11.4,4.84949e-05
11.41,4.31007e-05
11.42,3.74729e-05
11.43,3.16637e-05
11.44,2.57271e-05
11.45,1.9718e-05
11.46,1.36915e-05
11.47,7.70233e-06
11.48,1.80432e-06
11.49,-3.95024e-06
11.5,-9.51121e-06
11.51,-1.48311e-05
11.52,-1.98656e-05
11.53,-2.45741e-05
11.54,-2.892e-05
11.55,-3.28711e-05
11.56,-3.64001e-05
11.57,-3.94846e-05
11.58,-4.21076e-05
11.59,-4.42574e-05
11.6,-4.59275e-05
11.61,-4.71172e-05
11.62,-4.78312e-05
11.63,-4.80791e-05
11.64,-4.78761e-05
11.65,-4.7242e-05
11.66,-4.62012e-05
11.67,-4.47826e-05
11.68,-4.30187e-05
11.69,-4.09457e-05
11.7,-3.86024e-05
11.71,-3.60306e-05
11.72,-3.32738e-05
11.73,-3.03767e-05
11.74,-2.73854e-05
11.75,-2.4346e-05
11.76,-2.13044e-05
11.77,-1.83058e-05
11.78,-1.53939e-05
11.79,-1.2611e-05
11.8,-9.99658e-06
11.81,-7.58771e-06
11.82,-5.41811e-06
11.83,-3.51798e-06
11.84,-1.91361e-06
11.85,-6.27077e-07
11.86,3.23931e-07
11.87,9.26345e-07
11.88,1.17182e-06
11.89,1.0568e-06
11.9,5.82532e-07
11.91,-2.44984e-07
11.92,-1.4151e-06
11.93,-2.91268e-06
11.94,-4.7183e-06
11.95,-6.80853e-06
11.96,-9.15622e-06
11.97,-1.17309e-05
11.98,-1.44989e-05
11.99,-1.74244e-05
12,-2.04691e-05
12.01,-2.35933e-05
12.02,-2.67559e-05
12.03,-2.99153e-05
12.04,-3.30298e-05
12.05,-3.60578e-05
12.06,-3.89589e-05
12.07,-4.16936e-05
12.08,-4.42245e-05
12.09,-4.65162e-05
12.1,-4.85361e-05
12.11,-5.02546e-05
12.12,-5.16453e-05
12.13,-5.26855e-05
12.14,-5.33565e-05
12.15,-5.36437e-05
12.16,-5.35366e-05
12.17,-5.30293e-05
12.18,-5.21202e-05
12.19,-5.08122e-05
12.2,-4.91126e-05
12.21,-4.7033e-05
12.22,-4.45891e-05
12.23,-4.18006e-05
12.24,-3.86909e-05
12.25,-3.52868e-05
12.26,-3.16185e-05
12.27,-2.77185e-05
12.28,-2.36221e-05
12.29,-1.93663e-05
12.3,-1.49898e-05
12.31,-1.05324e-05
12.32,-6.03443e-06
12.33,-1.5366e-06
12.34,2.92077e-06
12.35,7.29803e-06
12.36,1.15567e-05
12.37,1.56599e-05
12.38,1.95726e-05
12.39,2.32622e-05
12.4,2.6699e-05
12.41,2.9856e-05
12.42,3.27095e-05
12.43,3.52397e-05
12.44,3.74301e-05
12.45,3.92682e-05
12.46,4.07456e-05
12.47,4.18579e-05
12.48,4.26044e-05
12.49,4.29889e-05
12.5,4.30189e-05
12.51,4.27055e-05
12.52,4.20638e-05
12.53,4.11119e-05
12.54,3.98715e-05
12.55,3.83667e-05
12.56,3.66246e-05
12.57,3.46742e-05
12.58,3.25465e-05
12.59,3.0274e-05
12.6,2.78902e-05
12.61,2.54293e-05
12.62,2.29258e-05
12.63,2.04139e-05
12.64,1.79275e-05
12.65,1.54993e-05
12.66,1.31608e-05
12.67,1.09417e-05
12.68,8.86994e-06
12.69,6.97078e-06
12.7,5.26707e-06
12.71,3.77871e-06
12.72,2.52257e-06
12.73,1.51222e-06
12.74,7.57856e-07
12.75,2.66205e-07
12.76,4.0448e-08
12.77,8.02293e-08
12.78,3.81685e-07
12.79,9.37521e-07
12.8,1.73712e-06
12.81,2.76672e-06
12.82,4.00955e-06
12.83,5.44613e-06
12.84,7.05446e-06
12.85,8.81034e-06
12.86,1.06877e-05
12.87,1.26587e-05
12.88,1.46947e-05
12.89,1.67657e-05
12.9,1.88414e-05
12.91,2.08915e-05
12.92,2.28857e-05
12.93,2.47945e-05
12.94,2.6589e-05
12.95,2.82421e-05
12.96,2.97278e-05
12.97,3.10224e-05
12.98,3.21042e-05
12.99,3.29539e-05
13,3.35551e-05
13.01,3.38941e-05
13.02,3.396e-05
13.03,3.37455e-05
13.04,3.32462e-05
13.05,3.24609e-05
13.06,3.13919e-05
13.07,3.00446e-05
13.08,2.84273e-05
13.09,2.65519e-05
13.1,2.44327e-05
13.11,2.2087e-05
13.12,1.95345e-05
13.13,1.67973e-05
13.14,1.38993e-05
13.15,1.08665e-05
13.16,7.7261e-06
13.17,4.50645e-06
13.18,1.23678e-06
13.19,-2.05325e-06
13.2,-5.33381e-06
13.21,-8.57529e-06
13.22,-1.17486e-05
13.23,-1.48256e-05
13.24,-1.77791e-05
13.25,-2.05835e-05
13.26,-2.32151e-05
13.27,-2.56518e-05
13.28,-2.78742e-05
13.29,-2.9865e-05
13.3,-3.16096e-05
13.31,-3.30961e-05
13.32,-3.43156e-05
13.33,-3.5262e-05
13.34,-3.59322e-05
13.35,-3.63261e-05
13.36,-3.64466e-05
13.37,-3.62995e-05
13.38,-3.58932e-05
13.39,-3.5239e-05
13.4,-3.43508e-05
13.41,-3.32445e-05
13.42,-3.19384e-05
13.43,-3.04526e-05
13.44,-2.88089e-05
13.45,-2.70305e-05
13.46,-2.51415e-05
13.47,-2.31671e-05
13.48,-2.11327e-05
13.49,-1.90642e-05
13.5,-1.69871e-05
13.51,-1.49268e-05
13.52,-1.29077e-05
13.53,-1.09534e-05
13.54,-9.08636e-06
13.55,-7.32732e-06
13.56,-5.69542e-06
13.57,-4.20788e-06
13.58,-2.87978e-06
13.59,-1.72392e-06
13.6,-7.50731e-07
13.61,3.18827e-08
13.62,6.18572e-07
13.63,1.0066e-06
13.64,1.19584e-06
13.65,1.18876e-06
13.66,9.90371e-07
13.67,6.08131e-07
13.68,5.18418e-08
13.69,-6.66491e-07
13.7,-1.53282e-06
13.71,-2.53126e-06
13.72,-3.64426e-06
13.73,-4.85287e-06
13.74,-6.13696e-06
13.75,-7.47545e-06
13.76,-8.84664e-06
13.77,-1.02284e-05
13.78,-1.15985e-05
13.79,-1.29349e-05
13.8,-1.42159e-05
13.81,-1.54204e-05
13.82,-1.65285e-05
13.83,-1.75213e-05
13.84,-1.83813e-05
13.85,-1.90925e-05
13.86,-1.96408e-05
13.87,-2.00141e-05
13.88,-2.02024e-05
13.89,-2.01977e-05
13.9,-1.99944e-05
13.91,-1.95893e-05
13.92,-1.89816e-05
13.93,-1.81728e-05
13.94,-1.71667e-05
13.95,-1.59697e-05
13.96,-1.45901e-05
13.97,-1.30385e-05
13.98,-1.13275e-05
13.99,-9.47144e-06
14,-7.48653e-06
14.01,-5.39032e-06
14.02,-3.20169e-06
14.03,-9.40563e-07
14.04,1.37228e-06
14.05,3.7155e-06
14.06,6.06737e-06
14.07,8.40611e-06
14.08,1.07101e-05
14.09,1.2958e-05
14.1,1.51292e-05
14.11,1.7204e-05
14.12,1.91636e-05
14.13,2.09908e-05
14.14,2.26695e-05
14.15,2.41855e-05
14.16,2.55263e-05
14.17,2.66813e-05
14.18,2.7642e-05
14.19,2.84019e-05
14.2,2.89569e-05
14.21,2.93047e-05
14.22,2.94457e-05
14.23,2.9382e-05
14.24,2.91181e-05
14.25,2.86606e-05
14.26,2.80179e-05
14.27,2.72004e-05
14.28,2.62203e-05
14.29,2.50911e-05
14.3,2.3828e-05
14.31,2.24472e-05
14.32,2.0966e-05
14.33,1.94026e-05
14.34,1.77756e-05
14.35,1.61042e-05
14.36,1.44075e-05
14.37,1.27048e-05
14.38,1.10149e-05
14.39,9.35622e-06
14.4,7.74633e-06
14.41,6.202e-06
14.42,4.73886e-06
14.43,3.37128e-06
14.44,2.11221e-06
14.45,9.73033e-07
14.46,-3.65361e-08
14.47,-9.08561e-07
14.48,-1.63695e-06
14.49,-2.2175e-06
14.5,-2.64796e-06
14.51,-2.92798e-06
14.52,-3.05915e-06
14.53,-3.04494e-06
14.54,-2.89061e-06
14.55,-2.6032e-06
14.56,-2.19135e-06
14.57,-1.66522e-06
14.58,-1.03635e-06
14.59,-3.17507e-07
14.6,4.77486e-07
14.61,1.33393e-06
14.62,2.23642e-06
14.63,3.16906e-06
14.64,4.11564e-06
14.65,5.05986e-06
14.66,5.98552e-06
14.67,6.87667e-06
14.68,7.71791e-06
14.69,8.49445e-06
14.7,9.1924e-06
14.71,9.79883e-06
14.72,1.0302e-05
14.73,1.06915e-05
14.74,1.09584e-05
14.75,1.1095e-05
14.76,1.10956e-05
14.77,1.09559e-05
14.78,1.06735e-05
14.79,1.02476e-05
14.8,9.67924e-06
14.81,8.97119e-06
14.82,8.12788e-06
14.83,7.15539e-06
14.84,6.06137e-06
14.85,4.85494e-06
14.86,3.54657e-06
14.87,2.14797e-06
14.88,6.71936e-07
14.89,-8.67779e-07
14.9,-2.45665e-06
14.91,-4.07956e-06
14.92,-5.72092e-06
14.93,-7.36492e-06
14.94,-8.99567e-06
14.95,-1.05974e-05
14.96,-1.21546e-05
14.97,-1.36522e-05
14.98,-1.50759e-05
14.99,-1.64121e-05
15,-1.7648e-05
15.01,-1.87723e-05
15.02,-1.97744e-05
15.03,-2.06454e-05
15.04,-2.13776e-05
15.05,-2.1965e-05
15.06,-2.24029e-05
15.07,-2.26884e-05
15.08,-2.28202e-05
15.09,-2.27984e-05
15.1,-2.2625e-05
15.11,-2.23035e-05
15.12,-2.18387e-05
15.13,-2.12372e-05
15.14,-2.05067e-05
15.15,-1.96564e-05
15.16,-1.86964e-05
15.17,-1.76381e-05
15.18,-1.64936e-05
15.19,-1.52758e-05
15.2,-1.39983e-05
15.21,-1.2675e-05
15.22,-1.13202e-05
15.23,-9.94828e-06
15.24,-8.57346e-06
15.25,-7.20984e-06
15.26,-5.87115e-06
15.27,-4.57056e-06
15.28,-3.32059e-06
15.29,-2.13291e-06
15.3,-1.0183e-06
15.31,1.35376e-08
15.32,9.54048e-07
15.33,1.79591e-06
15.34,2.53312e-06
15.35,3.16103e-06
15.36,3.6764e-06
15.37,4.07742e-06
15.38,4.36371e-06
15.39,4.5363e-06
15.4,4.59763e-06
15.41,4.55147e-06
15.42,4.40288e-06
15.43,4.15815e-06
15.44,3.82466e-06
15.45,3.41086e-06
15.46,2.92608e-06
15.47,2.38044e-06
15.48,1.78473e-06
15.49,1.15026e-06
15.5,4.88719e-07
15.51,-1.87961e-07
15.52,-8.67773e-07
15.53,-1.53876e-06
15.54,-2.18918e-06
15.55,-2.80763e-06
15.56,-3.3832e-06
15.57,-3.90557e-06
15.58,-4.36519e-06
15.59,-4.75333e-06
15.6,-5.06223e-06
15.61,-5.28517e-06
15.62,-5.41651e-06
15.63,-5.45184e-06
15.64,-5.38795e-06
15.65,-5.22289e-06
15.66,-4.95601e-06
15.67,-4.58791e-06
15.68,-4.12049e-06
15.69,-3.5569e-06
15.7,-2.90146e-06
15.71,-2.15968e-06
15.72,-1.33811e-06
15.73,-4.44326e-07
15.74,5.13197e-07
15.75,1.52518e-06
15.76,2.58166e-06
15.77,3.67207e-06
15.78,4.78543e-06
15.79,5.91042e-06
15.8,7.03554e-06
15.81,8.14922e-06
15.82,9.23999e-06
15.83,1.02966e-05
15.84,1.13081e-05
15.85,1.2264e-05
15.86,1.31545e-05
15.87,1.39704e-05
15.88,1.47033e-05
15.89,1.53458e-05
15.9,1.58912e-05
15.91,1.63341e-05
15.92,1.66702e-05
15.93,1.68962e-05
15.94,1.701e-05
15.95,1.70108e-05
15.96,1.68989e-05
15.97,1.66757e-05
15.98,1.6344e-05
15.99,1.59076e-05
16,1.53712e-05
16.01,1.47408e-05
16.02,1.40232e-05
16.03,1.3226e-05
16.04,1.23577e-05
16.05,1.14273e-05
16.06,1.04445e-05
16.07,9.41931e-06
16.08,8.36221e-06
16.09,7.28377e-06
16.1,6.19467e-06
16.11,5.10555e-06
16.12,4.0269e-06
16.13,2.96893e-06
16.14,1.94144e-06
16.15,9.53759e-07
16.16,1.45932e-08
16.17,-8.68032e-07
16.18,-1.68687e-06
16.19,-2.43553e-06
16.2,-3.10853e-06
16.21,-3.70136e-06
16.22,-4.21052e-06
16.23,-4.63356e-06
16.24,-4.96907e-06
16.25,-5.21671e-06
16.26,-5.37717e-06
16.27,-5.45221e-06
16.28,-5.44456e-06
16.29,-5.35791e-06
16.3,-5.19686e-06
16.31,-4.96683e-06
16.32,-4.67402e-06
16.33,-4.32529e-06
16.34,-3.92811e-06
16.35,-3.49042e-06
16.36,-3.02058e-06
16.37,-2.52722e-06
16.38,-2.01916e-06
16.39,-1.50527e-06
16.4,-9.94415e-07
16.41,-4.953e-07
16.42,-1.63821e-08
16.43,4.34229e-07
16.44,8.48868e-07
16.45,1.22041e-06
16.46,1.54234e-06
16.47,1.80885e-06
16.48,2.01488e-06
16.49,2.1562e-06
16.5,2.22942e-06
16.51,2.23209e-06
16.52,2.16264e-06
16.53,2.02047e-06
16.54,1.80592e-06
16.55,1.52025e-06
16.56,1.16565e-06
16.57,7.45185e-07
16.58,2.62776e-07
16.59,-2.76872e-07
16.6,-8.68314e-07
16.61,-1.50544e-06
16.62,-2.18153e-06
16.63,-2.88938e-06
16.64,-3.62135e-06
16.65,-4.36946e-06
16.66,-5.12549e-06
16.67,-5.8811e-06
16.68,-6.62789e-06
16.69,-7.35752e-06
16.7,-8.06181e-06
16.71,-8.73283e-06
16.72,-9.36298e-06
16.73,-9.94509e-06
16.74,-1.04725e-05
16.75,-1.09392e-05
16.76,-1.13396e-05
16.77,-1.16692e-05
16.78,-1.19239e-05
16.79,-1.21007e-05
16.8,-1.21972e-05
16.81,-1.2212e-05
16.82,-1.21445e-05
16.83,-1.1995e-05
16.84,-1.17648e-05
16.85,-1.14559e-05
16.86,-1.10711e-05
16.87,-1.06141e-05
16.88,-1.00893e-05
16.89,-9.50177e-06
16.9,-8.85721e-06
16.91,-8.16189e-06
16.92,-7.42259e-06
16.93,-6.64646e-06
16.94,-5.84098e-06
16.95,-5.01388e-06
16.96,-4.17303e-06
16.97,-3.32635e-06
16.98,-2.48175e-06
16.99,-1.64699e-06
17,-8.29645e-07
17.01,-3.70005e-08
17.02,7.24037e-07
17.03,1.447e-06
17.04,2.12594e-06
17.05,2.75547e-06
17.06,3.33085e-06
17.07,3.84801e-06
17.08,4.30359e-06
17.09,4.69499e-06
17.1,5.02037e-06
17.11,5.27868e-06
17.12,5.46964e-06
17.13,5.59377e-06
17.14,5.65234e-06
17.15,5.64737e-06
17.16,5.58157e-06
17.17,5.45833e-06
17.18,5.28168e-06
17.19,5.05618e-06
17.2,4.78692e-06
17.21,4.47942e-06
17.22,4.13957e-06
17.23,3.77356e-06
17.24,3.3878e-06
17.25,2.98882e-06
17.26,2.58323e-06
17.27,2.17761e-06
17.28,1.77843e-06
17.29,1.39199e-06
17.3,1.02435e-06
17.31,6.81219e-07
17.32,3.67933e-07
17.33,8.93742e-08
17.34,-1.50086e-07
17.35,-3.46632e-07
17.36,-4.97048e-07
17.37,-5.98749e-07
17.38,-6.49816e-07
17.39,-6.49006e-07
17.4,-5.95769e-07
17.41,-4.90247e-07
17.42,-3.33271e-07
17.43,-1.26343e-07
17.44,1.28379e-07
17.45,4.28118e-07
17.46,7.6951e-07
17.47,1.14865e-06
17.48,1.56113e-06
17.49,2.00211e-06
17.5,2.46639e-06
17.51,2.94842e-06
17.52,3.44242e-06
17.53,3.94245e-06
17.54,4.44243e-06
17.55,4.93628e-06
17.56,5.41793e-06
17.57,5.88144e-06
17.58,6.32105e-06
17.59,6.73123e-06
17.6,7.10678e-06
17.61,7.44287e-06
17.62,7.73508e-06
17.63,7.9795e-06
17.64,8.17272e-06
17.65,8.31188e-06
17.66,8.39474e-06
17.67,8.41965e-06
17.68,8.3856e-06
17.69,8.29224e-06
17.7,8.13985e-06
17.71,7.92932e-06
17.72,7.66222e-06
17.73,7.34069e-06
17.74,6.96746e-06
17.75,6.54579e-06
17.76,6.07947e-06
17.77,5.57274e-06
17.78,5.03024e-06
17.79,4.45698e-06
17.8,3.85826e-06
17.81,3.23963e-06
17.82,2.60679e-06
17.83,1.96557e-06
17.84,1.32182e-06
17.85,6.81381e-07
17.86,4.99996e-08
17.87,-5.66732e-07
17.88,-1.16344e-06
17.89,-1.73501e-06
17.9,-2.27668e-06
17.91,-2.78405e-06
17.92,-3.25316e-06
17.93,-3.68049e-06
17.94,-4.06304e-06
17.95,-4.39836e-06
17.96,-4.68451e-06
17.97,-4.92015e-06
17.98,-5.10451e-06
17.99,-5.23741e-06
18,-5.31922e-06
18.01,-5.3509e-06
18.02,-5.33396e-06
18.03,-5.27042e-06
18.04,-5.16281e-06
18.05,-5.01411e-06
18.06,-4.82772e-06
18.07,-4.60742e-06
18.08,-4.35733e-06
18.09,-4.08181e-06
18.1,-3.78549e-06
18.11,-3.47311e-06
18.12,-3.14957e-06
18.13,-2.81976e-06
18.14,-2.4886e-06
18.15,-2.16092e-06
18.16,-1.84143e-06
18.17,-1.53465e-06
18.18,-1.24486e-06
18.19,-9.76059e-07
18.2,-7.31921e-07
18.21,-5.15741e-07
18.22,-3.30407e-07
18.23,-1.78367e-07
18.24,-6.16022e-08
18.25,1.83904e-08
18.26,6.06154e-08
18.27,6.45857e-08
18.28,3.03248e-08
18.29,-4.16372e-08
18.3,-1.50273e-07
18.31,-2.94075e-07
18.32,-4.71076e-07
18.33,-6.78875e-07
18.34,-9.14671e-07
18.35,-1.1753e-06
18.36,-1.45726e-06
18.37,-1.75679e-06
18.38,-2.06988e-06
18.39,-2.39234e-06
18.4,-2.71985e-06
18.41,-3.04799e-06
18.42,-3.37235e-06
18.43,-3.68851e-06
18.44,-3.99216e-06
18.45,-4.27908e-06
18.46,-4.54527e-06
18.47,-4.78693e-06
18.48,-5.00055e-06
18.49,-5.18292e-06
18.5,-5.33119e-06
18.51,-5.44287e-06
18.52,-5.5159e-06
18.53,-5.54865e-06
18.54,-5.53994e-06
18.55,-5.48906e-06
18.56,-5.39574e-06
18.57,-5.26022e-06
18.58,-5.08319e-06
18.59,-4.8658e-06
18.6,-4.60965e-06
18.61,-4.31676e-06
18.62,-3.98954e-06
18.63,-3.6308e-06
18.64,-3.24365e-06
18.65,-2.83153e-06
18.66,-2.39814e-06
18.67,-1.94737e-06
18.68,-1.48332e-06
18.69,-1.01019e-06
18.7,-5.32264e-07
18.71,-5.3861e-08
18.72,4.20724e-07
18.73,8.87261e-07
18.74,1.34164e-06
18.75,1.7799e-06
18.76,2.19829e-06
18.77,2.5933e-06
18.78,2.9617e-06
18.79,3.30059e-06
18.8,3.6074e-06
18.81,3.87992e-06
18.82,4.11635e-06
18.83,4.3153e-06
18.84,4.47578e-06
18.85,4.59727e-06
18.86,4.67963e-06
18.87,4.72317e-06
18.88,4.72863e-06
18.89,4.69714e-06
18.9,4.63021e-06
18.91,4.52975e-06
18.92,4.39798e-06
18.93,4.23745e-06
18.94,4.05097e-06
18.95,3.84161e-06
18.96,3.61265e-06
18.97,3.3675e-06
18.98,3.10975e-06
18.99,2.84301e-06
19,2.57096e-06
19.01,2.29726e-06
19.02,2.02553e-06
19.03,1.75929e-06
19.04,1.50192e-06
19.05,1.25663e-06
19.06,1.02643e-06
19.07,8.14085e-07
19.08,6.22075e-07
19.09,4.5259e-07
19.1,3.07492e-07
19.11,1.88303e-07
19.12,9.61849e-08
19.13,3.19313e-08
19.14,-4.03899e-09
19.15,-1.16839e-08
19.16,8.6646e-09
19.17,5.63078e-08
19.18,1.30191e-07
19.19,2.28922e-07
19.2,3.50784e-07
19.21,4.93767e-07
19.22,6.55589e-07
19.23,8.33727e-07
19.24,1.02545e-06
19.25,1.22785e-06
19.26,1.43788e-06
19.27,1.6524e-06
19.28,1.8682e-06
19.29,2.08206e-06
19.3,2.29075e-06
19.31,2.49114e-06
19.32,2.68014e-06
19.33,2.85483e-06
19.34,3.01244e-06
19.35,3.1504e-06
19.36,3.26637e-06
19.37,3.35825e-06
19.38,3.42424e-06
19.39,3.46283e-06
19.4,3.47282e-06
19.41,3.45335e-06
19.42,3.4039e-06
19.43,3.32429e-06
19.44,3.21468e-06
19.45,3.0756e-06
19.46,2.90787e-06
19.47,2.71268e-06
19.48,2.49151e-06
19.49,2.24614e-06
19.5,1.97862e-06
19.51,1.69124e-06
19.52,1.38653e-06
19.53,1.06718e-06
19.54,7.36078e-07
19.55,3.96211e-07
19.56,5.0668e-08
19.57,-2.97407e-07
19.58,-6.44849e-07
19.59,-9.88508e-07
19.6,-1.32528e-06
19.61,-1.65216e-06
19.62,-1.96624e-06
19.63,-2.26478e-06
19.64,-2.54521e-06
19.65,-2.80517e-06
19.66,-3.04253e-06
19.67,-3.25543e-06
19.68,-3.44226e-06
19.69,-3.60172e-06
19.7,-3.7328e-06
19.71,-3.83481e-06
19.72,-3.90736e-06
19.73,-3.95039e-06
19.74,-3.96416e-06
19.75,-3.94923e-06
19.76,-3.90647e-06
19.77,-3.83702e-06
19.78,-3.7423e-06
19.79,-3.624e-06
19.8,-3.48401e-06
19.81,-3.32445e-06
19.82,-3.14761e-06
19.83,-2.95593e-06
19.84,-2.75198e-06
19.85,-2.53842e-06
19.86,-2.31796e-06
19.87,-2.09335e-06
19.88,-1.86732e-06
19.89,-1.64258e-06
19.9,-1.42176e-06
19.91,-1.20739e-06
19.92,-1.00189e-06
19.93,-8.07516e-07
19.94,-6.26335e-07
19.95,-4.60226e-07
19.96,-3.10845e-07
19.97,-1.79605e-07
19.98,-6.76693e-08
19.99,2.40632e-08
