x,y
0,0
0.0692451,0.0399689
0.138453,0.0799066
0.207625,0.119813
0.276759,0.159689
0.345857,0.199534
0.414918,0.239347
0.483942,0.27913
0.55293,0.318882
0.621881,0.358603
0.690795,0.398292
0.759673,0.437952
0.828514,0.47758
0.897319,0.517177
0.966088,0.556744
1.03482,0.59628
1.10352,0.635786
1.17217,0.67526
1.2408,0.714704
1.30939,0.754118
1.37794,0.793501
1.44645,0.832853
1.51493,0.872175
1.58337,0.911466
1.65178,0.950727
1.72015,0.989957
1.78848,1.02916
1.85678,1.06833
1.92505,1.10747
1.99327,1.14657
2.06146,1.18565
2.12962,1.2247
2.19774,1.26372
2.26582,1.30271
2.33387,1.34166
2.40189,1.38059
2.46986,1.41949
2.53781,1.45836
2.60571,1.49719
2.67358,1.536
2.74142,1.57478
2.80922,1.61352
2.87698,1.65224
2.94471,1.69093
3.01241,1.72959
3.08007,1.76821
3.14769,1.80681
3.21528,1.84538
3.28284,1.88392
3.35036,1.92242
3.41784,1.9609
3.48529,1.99935
3.5527,2.03777
3.62008,2.07616
3.68743,2.11452
3.75474,2.15285
3.82201,2.19115
3.88925,2.22942
3.95646,2.26766
4.02363,2.30587
4.09077,2.34405
4.15787,2.38221
4.22494,2.42033
4.29197,2.45842
4.35897,2.49649
4.42593,2.53452
4.49286,2.57253
4.55976,2.61051
4.62662,2.64845
4.69344,2.68637
4.76024,2.72426
4.82699,2.76212
4.89372,2.79995
4.96041,2.83775
5.02706,2.87552
5.09369,2.91327
5.16027,2.95098
5.22683,2.98867
5.29335,3.02632
5.35983,3.06395
5.42629,3.10155
5.4927,3.13912
5.55909,3.17666
5.62544,3.21417
5.69176,3.25165
5.75804,3.2891
5.82429,3.32653
5.89051,3.36392
5.95669,3.40129
6.02284,3.43863
6.08895,3.47594
6.15504,3.51322
6.22108,3.55047
6.2871,3.5877
6.35308,3.62489
6.41903,3.66206
6.48495,3.6992
6.55083,3.73631
6.61668,3.77339
6.68249,3.81044
6.74828,3.84746
6.81402,3.88446
6.87974,3.92143
6.94542,3.95837
7.01107,3.99528
7.07669,4.03216
7.14228,4.06901
7.20783,4.10584
7.27335,4.14263
7.33883,4.1794
7.40429,4.21614
7.46971,4.25286
7.53509,4.28954
7.60045,4.3262
7.66577,4.36283
7.73106,4.39943
7.79632,4.436
7.86154,4.47254
7.92673,4.50906
7.99189,4.54555
8.05702,4.58201
8.12212,4.61844
8.18718,4.65484
8.25221,4.69122
8.31721,4.72757
8.38217,4.76389
8.44711,4.80018
8.51201,4.83645
8.57688,4.87268
8.64171,4.90889
8.70652,4.94508
8.77129,4.98123
8.83603,5.01736
8.90074,5.05345
8.96541,5.08953
9.03006,5.12557
9.09467,5.16159
9.15925,5.19757
9.2238,5.23353
9.28832,5.26947
9.3528,5.30537
9.41726,5.34125
9.48168,5.3771
9.54607,5.41293
9.61043,5.44872
9.67476,5.48449
9.73905,5.52023
9.80332,5.55595
9.86755,5.59163
9.93175,5.62729
9.99592,5.66292
10.0601,5.69853
10.1242,5.73411
10.1882,5.76966
10.2523,5.80518
10.3163,5.84068
10.3803,5.87615
10.4442,5.91159
10.5081,5.947
10.572,5.98239
10.6359,6.01775
10.6997,6.05309
10.7635,6.08839
10.8273,6.12367
10.891,6.15893
10.9547,6.19415
11.0184,6.22935
11.082,6.26452
11.1456,6.29967
11.2092,6.33479
11.2728,6.36988
11.3363,6.40494
11.3998,6.43998
11.4632,6.47499
11.5266,6.50998
11.59,6.54494
11.6534,6.57987
11.7167,6.61477
11.78,6.64965
11.8433,6.6845
11.9066,6.71933
11.9698,6.75413
12.0329,6.7889
12.0961,6.82364
12.1592,6.85836
12.2223,6.89305
12.2854,6.92772
12.3484,6.96236
12.4114,6.99697
12.4744,7.03156
12.5373,7.06612
12.6002,7.10065
12.6631,7.13516
12.7259,7.16964
12.7888,7.2041
12.8515,7.23853
12.9143,7.27293
12.977,7.3073
13.0397,7.34165
13.1024,7.37598
13.165,7.41028
13.2276,7.44455
13.2902,7.47879
13.3528,7.51301
13.4153,7.54721
13.4778,7.58137
13.5402,7.61552
13.6027,7.64963
13.6651,7.68372
13.7274,7.71778
13.7898,7.75182
13.8521,7.78583
13.9144,7.81982
13.9766,7.85378
14.0389,7.88771
14.1011,7.92162
14.1632,7.9555
14.2254,7.98936
14.2875,8.02319
14.3495,8.057
14.4116,8.09077
14.4736,8.12453
14.5356,8.15826
14.5976,8.19196
14.6595,8.22564
14.7214,8.25929
14.7833,8.29291
14.8451,8.32651
14.9069,8.36009
14.9687,8.39363
15.0305,8.42716
15.0922,8.46065
15.1539,8.49413
15.2156,8.52757
15.2772,8.56099
15.3388,8.59439
15.4004,8.62776
15.462,8.66111
15.5235,8.69443
15.585,8.72772
15.6465,8.76099
15.7079,8.79423
15.7693,8.82745
15.8307,8.86064
15.892,8.89381
15.9534,8.92695
16.0147,8.96007
16.0759,8.99316
16.1372,9.02623
16.1984,9.05927
16.2596,9.09229
16.3207,9.12528
16.3819,9.15825
16.443,9.19119
16.504,9.22411
16.5651,9.257
16.6261,9.28986
16.6871,9.32271
16.748,9.35552
16.809,9.38831
16.8699,9.42108
16.9307,9.45382
16.9916,9.48654
17.0524,9.51923
17.1132,9.5519
17.174,9.58454
17.2347,9.61716
17.2954,9.64975
17.3561,9.68232
17.4167,9.71486
17.4773,9.74738
17.5379,9.77988
17.5985,9.81234
17.659,9.84479
17.7196,9.87721
17.78,9.9096
17.8405,9.94197
17.9009,9.97432
17.9613,10.0066
18.0217,10.0389
18.082,10.0712
18.1424,10.1035
18.2026,10.1357
18.2629,10.1679
18.3231,10.2001
18.3834,10.2322
18.4435,10.2643
18.5037,10.2964
18.5638,10.3285
18.6239,10.3606
18.684,10.3926
18.744,10.4246
18.804,10.4566
18.864,10.4885
18.924,10.5205
18.9839,10.5524
19.0438,10.5842
19.1037,10.6161
19.1636,10.6479
19.2234,10.6797
19.2832,10.7115
19.343,10.7433
19.4027,10.775
19.4624,10.8067
19.5221,10.8384
19.5818,10.8701
19.6414,10.9017
19.701,10.9334
19.7606,10.9649
19.8202,10.9965
19.8797,11.0281
19.9392,11.0596
19.9987,11.0911
20.0582,11.1225
20.1176,11.154
20.177,11.1854
20.2363,11.2168
20.2957,11.2482
20.355,11.2796
20.4143,11.3109
20.4736,11.3422
20.5328,11.3735
20.592,11.4047
20.6512,11.436
20.7104,11.4672
20.7695,11.4984
20.8286,11.5295
20.8877,11.5607
20.9467,11.5918
21.0058,11.6229
21.0648,11.6539
21.1237,11.685
21.1827,11.716
21.2416,11.747
21.3005,11.778
21.3594,11.8089
21.4182,11.8399
21.477,11.8708
21.5358,11.9016
21.5946,11.9325
21.6533,11.9633
21.712,11.9941
21.7707,12.0249
21.8294,12.0557
21.888,12.0864
21.9466,12.1171
22.0052,12.1478
22.0638,12.1785
22.1223,12.2092
22.1808,12.2398
22.2393,12.2704
22.2978,12.301
22.3562,12.3315
22.4146,12.362
22.473,12.3925
22.5313,12.423
22.5897,12.4535
22.648,12.4839
22.7062,12.5143
22.7645,12.5447
22.8227,12.5751
22.8809,12.6054
22.9391,12.6358
22.9972,12.6661
23.0554,12.6963
23.1135,12.7266
23.1715,12.7568
23.2296,12.787
23.2876,12.8172
23.3456,12.8474
23.4036,12.8775
23.4615,12.9076
23.5194,12.9377
23.5773,12.9678
23.6352,12.9978
23.693,13.0279
23.7509,13.0579
23.8087,13.0878
23.8664,13.1178
23.9242,13.1477
23.9819,13.1776
24.0396,13.2075
24.0973,13.2374
24.1549,13.2672
24.2125,13.297
24.2701,13.3268
24.3277,13.3566
24.3852,13.3864
24.4427,13.4161
24.5002,13.4458
24.5577,13.4755
24.6152,13.5051
24.6726,13.5348
24.73,13.5644
24.7873,13.594
24.8447,13.6235
24.902,13.6531
24.9593,13.6826
25.0166,13.7121
25.0738,13.7416
25.1311,13.7711
25.1883,13.8005
25.2454,13.8299
25.3026,13.8593
25.3597,13.8887
25.4168,13.918
25.4739,13.9473
25.5309,13.9766
25.588,14.0059
25.645,14.0352
25.702,14.0644
25.7589,14.0936
25.8158,14.1228
25.8727,14.152
25.9296,14.1811
25.9865,14.2102
26.0433,14.2393
26.1001,14.2684
26.1569,14.2975
26.2137,14.3265
26.2704,14.3555
26.3271,14.3845
26.3838,14.4135
26.4405,14.4424
26.4971,14.4713
26.5537,14.5002
26.6103,14.5291
26.6669,14.558
26.7234,14.5868
26.78,14.6156
26.8365,14.6444
26.8929,14.6732
26.9494,14.7019
27.0058,14.7306
27.0622,14.7593
27.1186,14.788
27.1749,14.8167
27.2313,14.8453
27.2876,14.8739
27.3439,14.9025
27.4001,14.9311
27.4564,14.9597
27.5126,14.9882
27.5688,15.0167
27.6249,15.0452
27.6811,15.0736
27.7372,15.1021
27.7933,15.1305
27.8493,15.1589
27.9054,15.1873
27.9614,15.2156
28.0174,15.244
28.0734,15.2723
28.1293,15.3006
28.1853,15.3288
28.2412,15.3571
28.2971,15.3853
28.3529,15.4135
28.4088,15.4417
28.4646,15.4698
28.5204,15.498
28.5761,15.5261
28.6319,15.5542
28.6876,15.5823
28.7433,15.6103
28.799,15.6383
28.8546,15.6664
28.9102,15.6943
28.9659,15.7223
29.0214,15.7503
29.077,15.7782
29.1325,15.8061
29.188,15.834
29.2435,15.8618
29.299,15.8897
29.3544,15.9175
29.4099,15.9453
29.4653,15.973
29.5206,16.0008
29.576,16.0285
29.6313,16.0562
29.6866,16.0839
29.7419,16.1116
29.7972,16.1392
29.8524,16.1669
29.9076,16.1945
29.9628,16.2221
30.018,16.2496
30.0731,16.2772
30.1283,16.3047
30.1834,16.3322
30.2384,16.3597
30.2935,16.3871
30.3485,16.4145
30.4035,16.442
30.4585,16.4694
30.5135,16.4967
30.5684,16.5241
30.6234,16.5514
30.6783,16.5787
30.7331,16.606
30.788,16.6333
30.8428,16.6605
30.8976,16.6877
30.9524,16.715
31.0072,16.7421
31.0619,16.7693
31.1166,16.7964
31.1713,16.8236
31.226,16.8507
31.2807,16.8777
31.3353,16.9048
31.3899,16.9318
31.4445,16.9589
31.4991,16.9859
31.5536,17.0128
31.6081,17.0398
31.6626,17.0667
31.7171,17.0936
31.7715,17.1205
31.826,17.1474
31.8804,17.1742
31.9348,17.2011
31.9891,17.2279
32.0435,17.2547
32.0978,17.2814
32.1521,17.3082
32.2064,17.3349
32.2606,17.3616
32.3149,17.3883
32.3691,17.415
32.4233,17.4416
32.4774,17.4683
32.5316,17.4949
32.5857,17.5214
32.6398,17.548
32.6939,17.5745
32.748,17.6011
32.802,17.6276
32.856,17.6541
32.91,17.6805
32.964,17.707
33.0179,17.7334
33.0719,17.7598
33.1258,17.7862
33.1797,17.8125
33.2335,17.8389
33.2874,17.8652
33.3412,17.8915
33.395,17.9177
33.4488,17.944
33.5025,17.9702
33.5563,17.9965
33.61,18.0227
33.6637,18.0488
33.7174,18.075
33.771,18.1011
33.8246,18.1272
33.8782,18.1533
33.9318,18.1794
33.9854,18.2055
34.0389,18.2315
34.0925,18.2575
34.146,18.2835
34.1994,18.3095
34.2529,18.3354
34.3063,18.3614
34.3598,18.3873
34.4132,18.4132
34.4665,18.4391
34.5199,18.4649
34.5732,18.4908
34.6265,18.5166
34.6798,18.5424
34.7331,18.5681
34.7863,18.5939
34.8396,18.6196
34.8928,18.6453
34.946,18.671
34.9991,18.6967
35.0523,18.7224
35.1054,18.748
35.1585,18.7736
35.2116,18.7992
35.2646,18.8248
35.3177,18.8503
35.3707,18.8759
35.4237,18.9014
35.4767,18.9269
35.5296,18.9524
35.5826,18.9778
35.6355,19.0033
35.6884,19.0287
35.7412,19.0541
35.7941,19.0795
35.8469,19.1048
35.8997,19.1302
35.9525,19.1555
36.0053,19.1808
36.058,19.206
36.1108,19.2313
36.1635,19.2565
36.2162,19.2818
36.2688,19.307
36.3215,19.3321
36.3741,19.3573
36.4267,19.3825
36.4793,19.4076
36.5319,19.4327
36.5844,19.4578
36.6369,19.4828
36.6894,19.5079
36.7419,19.5329
36.7944,19.5579
36.8468,19.5829
36.8992,19.6078
36.9516,19.6328
37.004,19.6577
37.0564,19.6826
37.1087,19.7075
37.1611,19.7324
37.2134,19.7572
37.2656,19.7821
37.3179,19.8069
37.3701,19.8317
37.4224,19.8564
37.4746,19.8812
37.5267,19.9059
37.5789,19.9306
37.631,19.9553
37.6832,19.98
37.7353,20.0047
37.7873,20.0293
37.8394,20.0539
37.8914,20.0785
37.9435,20.1031
37.9955,20.1277
38.0474,20.1522
38.0994,20.1767
38.1513,20.2012
38.2033,20.2257
38.2552,20.2502
38.307,20.2746
38.3589,20.299
38.4107,20.3234
38.4626,20.3478
38.5144,20.3722
38.5661,20.3966
38.6179,20.4209
38.6696,20.4452
38.7214,20.4695
38.7731,20.4938
38.8248,20.518
38.8764,20.5422
38.9281,20.5665
38.9797,20.5907
39.0313,20.6148
39.0829,20.639
39.1344,20.6631
39.186,20.6873
39.2375,20.7114
39.289,20.7354
39.3405,20.7595
39.392,20.7835
39.4434,20.8076
39.4948,20.8316
39.5463,20.8556
39.5976,20.8795
39.649,20.9035
39.7004,20.9274
39.7517,20.9513
39.803,20.9752
39.8543,20.9991
39.9056,21.023
39.9568,21.0468
40.0081,21.0706
40.0593,21.0944
40.1105,21.1182
40.1616,21.142
40.2128,21.1657
40.2639,21.1894
40.3151,21.2131
40.3662,21.2368
40.4172,21.2605
40.4683,21.2841
40.5193,21.3078
40.5704,21.3314
40.6214,21.355
40.6724,21.3786
40.7233,21.4021
40.7743,21.4257
40.8252,21.4492
40.8761,21.4727
40.927,21.4962
40.9779,21.5196
41.0287,21.5431
41.0796,21.5665
41.1304,21.5899
41.1812,21.6133
41.2319,21.6367
41.2827,21.66
41.3334,21.6834
41.3842,21.7067
41.4349,21.73
41.4855,21.7532
41.5362,21.7765
41.5868,21.7998
41.6375,21.823
41.6881,21.8462
41.7387,21.8694
41.7892,21.8925
41.8398,21.9157
41.8903,21.9388
41.9408,21.9619
41.9913,21.985
42.0418,22.0081
42.0922,22.0312
42.1427,22.0542
42.1931,22.0772
42.2435,22.1002
42.2939,22.1232
42.3442,22.1462
42.3946,22.1691
42.4449,22.1921
42.4952,22.215
42.5455,22.2379
42.5958,22.2607
42.646,22.2836
42.6963,22.3064
42.7465,22.3293
42.7967,22.3521
42.8469,22.3748
42.897,22.3976
42.9472,22.4204
42.9973,22.4431
43.0474,22.4658
43.0975,22.4885
43.1475,22.5112
43.1976,22.5338
43.2476,22.5565
43.2976,22.5791
43.3476,22.6017
43.3976,22.6243
43.4476,22.6468
43.4975,22.6694
43.5474,22.6919
43.5973,22.7144
43.6472,22.7369
43.6971,22.7594
43.7469,22.7819
43.7967,22.8043
43.8466,22.8267
43.8964,22.8491
43.9461,22.8715
43.9959,22.8939
44.0456,22.9162
44.0953,22.9386
44.1451,22.9609
44.1947,22.9832
44.2444,23.0055
44.2941,23.0277
44.3437,23.05
44.3933,23.0722
44.4429,23.0944
44.4925,23.1166
44.542,23.1388
44.5916,23.1609
44.6411,23.1831
44.6906,23.2052
44.7401,23.2273
44.7896,23.2494
44.839,23.2714
44.8884,23.2935
44.9379,23.3155
44.9873,23.3375
45.0366,23.3595
45.086,23.3815
45.1353,23.4034
45.1847,23.4254
45.234,23.4473
45.2833,23.4692
45.3325,23.4911
45.3818,23.513
45.431,23.5348
45.4803,23.5567
45.5295,23.5785
45.5787,23.6003
45.6278,23.6221
45.677,23.6438
45.7261,23.6656
45.7752,23.6873
45.8243,23.709
45.8734,23.7307
45.9225,23.7524
45.9715,23.7741
46.0205,23.7957
46.0695,23.8173
46.1185,23.8389
46.1675,23.8605
46.2165,23.8821
46.2654,23.9036
46.3143,23.9252
46.3632,23.9467
46.4121,23.9682
46.461,23.9897
46.5098,24.0111
46.5587,24.0326
46.6075,24.054
46.6563,24.0754
46.7051,24.0968
46.7538,24.1182
46.8026,24.1396
46.8513,24.1609
46.9,24.1823
46.9487,24.2036
46.9974,24.2249
47.0461,24.2461
47.0947,24.2674
47.1434,24.2886
47.192,24.3099
47.2406,24.3311
47.2891,24.3523
47.3377,24.3734
47.3862,24.3946
47.4348,24.4157
47.4833,24.4368
47.5318,24.4579
47.5802,24.479
47.6287,24.5001
47.6771,24.5211
47.7256,24.5422
47.774,24.5632
47.8223,24.5842
47.8707,24.6052
47.9191,24.6261
47.9674,24.6471
48.0157,24.668
48.064,24.6889
48.1123,24.7098
48.1606,24.7307
48.2088,24.7516
48.2571,24.7724
48.3053,24.7932
48.3535,24.8141
48.4017,24.8349
48.4498,24.8556
48.498,24.8764
48.5461,24.8971
48.5943,24.9179
48.6424,24.9386
48.6904,24.9593
48.7385,24.9799
48.7866,25.0006
48.8346,25.0212
48.8826,25.0419
48.9306,25.0625
48.9786,25.0831
49.0266,25.1036
49.0745,25.1242
49.1224,25.1447
49.1704,25.1652
49.2183,25.1857
49.2661,25.2062
49.314,25.2267
49.3619,25.2472
49.4097,25.2676
49.4575,25.288
49.5053,25.3084
49.5531,25.3288
49.6009,25.3492
49.6486,25.3695
49.6963,25.3899
49.7441,25.4102
49.7918,25.4305
49.8394,25.4508
49.8871,25.471
49.9348,25.4913
49.9824,25.5115
50.03,25.5317
50.0776,25.5519
50.1252,25.5721
50.1728,25.5923
50.2203,25.6125
50.2679,25.6326
50.3154,25.6527
50.3629,25.6728
50.4104,25.6929
50.4579,25.713
50.5053,25.733
50.5528,25.753
50.6002,25.7731
50.6476,25.7931
50.695,25.813
50.7423,25.833
50.7897,25.853
50.837,25.8729
50.8844,25.8928
50.9317,25.9127
50.979,25.9326
51.0262,25.9525
51.0735,25.9723
51.1208,25.9922
51.168,26.012
51.2152,26.0318
51.2624,26.0516
51.3096,26.0713
51.3567,26.0911
51.4039,26.1108
51.451,26.1305
51.4981,26.1502
51.5452,26.1699
51.5923,26.1896
51.6394,26.2092
51.6864,26.2289
51.7335,26.2485
51.7805,26.2681
51.8275,26.2877
51.8745,26.3073
51.9214,26.3268
51.9684,26.3464
52.0153,26.3659
52.0623,26.3854
52.1092,26.4049
52.1561,26.4243
52.2029,26.4438
52.2498,26.4632
52.2966,26.4827
52.3435,26.5021
52.3903,26.5215
52.4371,26.5408
52.4839,26.5602
52.5306,26.5795
52.5774,26.5989
52.6241,26.6182
52.6708,26.6375
52.7175,26.6567
52.7642,26.676
52.8109,26.6952
52.8576,26.7145
52.9042,26.7337
52.9508,26.7529
52.9974,26.772
53.044,26.7912
53.0906,26.8104
53.1372,26.8295
53.1837,26.8486
53.2302,26.8677
53.2767,26.8868
53.3232,26.9058
53.3697,26.9249
53.4162,26.9439
53.4626,26.9629
53.5091,26.9819
53.5555,27.0009
53.6019,27.0199
53.6483,27.0388
53.6947,27.0578
53.741,27.0767
53.7874,27.0956
53.8337,27.1145
53.88,27.1334
53.9263,27.1522
53.9726,27.171
54.0189,27.1899
54.0651,27.2087
54.1114,27.2275
54.1576,27.2462
54.2038,27.265
54.25,27.2837
54.2961,27.3025
54.3423,27.3212
54.3884,27.3399
54.4346,27.3586
54.4807,27.3772
54.5268,27.3959
54.5729,27.4145
54.6189,27.4331
54.665,27.4517
54.711,27.4703
54.757,27.4889
54.803,27.5074
54.849,27.5259
54.895,27.5445
54.941,27.563
54.9869,27.5814
55.0328,27.5999
55.0788,27.6184
55.1247,27.6368
55.1705,27.6552
55.2164,27.6736
55.2623,27.692
55.3081,27.7104
55.3539,27.7288
55.3997,27.7471
55.4455,27.7654
55.4913,27.7838
55.5371,27.8021
55.5828,27.8203
55.6286,27.8386
55.6743,27.8568
55.72,27.8751
55.7657,27.8933
55.8114,27.9115
55.857,27.9297
55.9027,27.9479
55.9483,27.966
55.9939,27.9842
56.0395,28.0023
56.0851,28.0204
56.1307,28.0385
56.1762,28.0565
56.2217,28.0746
56.2673,28.0927
56.3128,28.1107
56.3583,28.1287
56.4038,28.1467
56.4492,28.1647
56.4947,28.1826
56.5401,28.2006
56.5855,28.2185
56.6309,28.2364
56.6763,28.2543
56.7217,28.2722
56.7671,28.2901
56.8124,28.308
56.8577,28.3258
56.9031,28.3436
56.9484,28.3614
56.9937,28.3792
57.0389,28.397
57.0842,28.4148
57.1294,28.4325
57.1747,28.4503
57.2199,28.468
57.2651,28.4857
57.3103,28.5034
57.3554,28.521
57.4006,28.5387
57.4457,28.5563
57.4909,28.5739
57.536,28.5916
57.5811,28.6092
57.6261,28.6267
57.6712,28.6443
57.7163,28.6618
57.7613,28.6794
57.8063,28.6969
57.8513,28.7144
57.8963,28.7319
57.9413,28.7493
57.9863,28.7668
58.0312,28.7842
58.0762,28.8016
58.1211,28.8191
58.166,28.8364
58.2109,28.8538
58.2558,28.8712
58.3007,28.8885
58.3455,28.9059
58.3903,28.9232
58.4352,28.9405
58.48,28.9578
58.5248,28.975
58.5696,28.9923
58.6143,29.0095
58.6591,29.0267
58.7038,29.044
58.7485,29.0611
58.7932,29.0783
58.8379,29.0955
58.8826,29.1126
58.9273,29.1298
58.9719,29.1469
59.0166,29.164
59.0612,29.1811
59.1058,29.1981
59.1504,29.2152
59.195,29.2322
59.2395,29.2493
59.2841,29.2663
59.3286,29.2833
59.3732,29.3002
59.4177,29.3172
59.4622,29.3341
59.5066,29.3511
59.5511,29.368
59.5956,29.3849
59.64,29.4018
59.6844,29.4187
59.7288,29.4355
59.7732,29.4524
59.8176,29.4692
59.862,29.486
59.9063,29.5028
59.9507,29.5196
59.995,29.5363
60.0393,29.5531
60.0836,29.5698
60.1279,29.5866
60.1722,29.6033
60.2164,29.62
60.2607,29.6366
60.3049,29.6533
60.3491,29.6699
60.3933,29.6866
60.4375,29.7032
60.4817,29.7198
60.5258,29.7364
60.57,29.7529
60.6141,29.7695
60.6582,29.786
60.7023,29.8026
60.7464,29.8191
60.7905,29.8356
60.8346,29.8521
60.8786,29.8685
60.9227,29.885
60.9667,29.9014
61.0107,29.9178
61.0547,29.9342
61.0987,29.9506
61.1426,29.967
61.1866,29.9834
61.2305,29.9997
61.2744,30.016
61.3184,30.0324
61.3622,30.0487
61.4061,30.065
61.45,30.0812
61.4939,30.0975
61.5377,30.1137
61.5815,30.13
61.6253,30.1462
61.6691,30.1624
61.7129,30.1785
61.7567,30.1947
61.8005,30.2109
61.8442,30.227
61.8879,30.2431
61.9317,30.2592
61.9754,30.2753
62.0191,30.2914
62.0627,30.3075
62.1064,30.3235
62.1501,30.3396
62.1937,30.3556
62.2373,30.3716
62.2809,30.3876
62.3245,30.4036
62.3681,30.4195
62.4117,30.4355
62.4552,30.4514
62.4988,30.4673
62.5423,30.4832
62.5858,30.4991
62.6293,30.515
62.6728,30.5308
62.7163,30.5467
62.7598,30.5625
62.8032,30.5783
62.8467,30.5941
62.8901,30.6099
62.9335,30.6257
62.9769,30.6414
63.0203,30.6572
63.0636,30.6729
63.107,30.6886
63.1503,30.7043
63.1937,30.72
63.237,30.7357
63.2803,30.7513
63.3236,30.7669
63.3669,30.7826
63.4101,30.7982
63.4534,30.8138
63.4966,30.8294
63.5398,30.8449
63.583,30.8605
63.6262,30.876
63.6694,30.8915
63.7126,30.907
63.7558,30.9225
63.7989,30.938
63.842,30.9535
63.8851,30.9689
63.9283,30.9844
63.9713,30.9998
64.0144,31.0152
64.0575,31.0306
64.1005,31.046
64.1436,31.0613
64.1866,31.0767
64.2296,31.092
64.2726,31.1073
64.3156,31.1226
64.3586,31.1379
64.4015,31.1532
64.4445,31.1684
64.4874,31.1837
64.5303,31.1989
64.5732,31.2141
64.6161,31.2293
64.659,31.2445
64.7019,31.2597
64.7448,31.2749
64.7876,31.29
64.8304,31.3051
64.8732,31.3203
64.916,31.3354
64.9588,31.3504
65.0016,31.3655
65.0444,31.3806
65.0871,31.3956
65.1299,31.4107
65.1726,31.4257
65.2153,31.4407
65.258,31.4557
65.3007,31.4706
65.3434,31.4856
65.386,31.5005
65.4287,31.5155
65.4713,31.5304
65.514,31.5453
65.5566,31.5602
65.5992,31.5751
65.6417,31.5899
65.6843,31.6048
65.7269,31.6196
65.7694,31.6344
65.812,31.6492
65.8545,31.664
65.897,31.6788
65.9395,31.6935
65.982,31.7083
66.0244,31.723
66.0669,31.7377
66.1093,31.7524
66.1518,31.7671
66.1942,31.7818
66.2366,31.7964
66.279,31.8111
66.3214,31.8257
66.3637,31.8403
66.4061,31.8549
66.4484,31.8695
66.4908,31.8841
66.5331,31.8987
66.5754,31.9132
66.6177,31.9277
66.66,31.9423
66.7022,31.9568
66.7445,31.9713
66.7867,31.9857
66.829,32.0002
66.8712,32.0146
66.9134,32.0291
66.9556,32.0435
66.9978,32.0579
67.0399,32.0723
67.0821,32.0867
67.1242,32.101
67.1664,32.1154
67.2085,32.1297
67.2506,32.144
67.2927,32.1583
67.3347,32.1726
67.3768,32.1869
67.4189,32.2012
67.4609,32.2154
67.5029,32.2297
67.545,32.2439
67.587,32.2581
67.629,32.2723
67.6709,32.2865
67.7129,32.3006
67.7549,32.3148
67.7968,32.3289
67.8387,32.3431
67.8807,32.3572
67.9226,32.3713
67.9645,32.3853
68.0063,32.3994
68.0482,32.4135
68.0901,32.4275
68.1319,32.4415
68.1737,32.4555
68.2156,32.4695
68.2574,32.4835
68.2992,32.4975
68.3409,32.5115
68.3827,32.5254
68.4245,32.5393
68.4662,32.5533
68.508,32.5672
68.5497,32.581
68.5914,32.5949
68.6331,32.6088
68.6748,32.6226
68.7164,32.6365
68.7581,32.6503
68.7997,32.6641
68.8414,32.6779
68.883,32.6916
68.9246,32.7054
68.9662,32.7192
69.0078,32.7329
69.0494,32.7466
69.0909,32.7603
69.1325,32.774
69.174,32.7877
69.2156,32.8014
69.2571,32.815
69.2986,32.8287
69.3401,32.8423
69.3815,32.8559
69.423,32.8695
69.4645,32.8831
69.5059,32.8967
69.5473,32.9102
69.5888,32.9238
69.6302,32.9373
69.6716,32.9508
69.7129,32.9643
69.7543,32.9778
69.7957,32.9913
69.837,33.0047
69.8783,33.0182
69.9197,33.0316
69.961,33.045
70.0023,33.0584
70.0436,33.0718
70.0848,33.0852
70.1261,33.0986
70.1674,33.1119
70.2086,33.1253
70.2498,33.1386
70.291,33.1519
70.3322,33.1652
70.3734,33.1785
70.4146,33.1917
70.4558,33.205
70.4969,33.2182
70.5381,33.2315
70.5792,33.2447
70.6203,33.2579
70.6614,33.2711
70.7025,33.2842
70.7436,33.2974
70.7847,33.3105
70.8257,33.3237
70.8668,33.3368
70.9078,33.3499
70.9489,33.363
70.9899,33.3761
71.0309,33.3891
71.0719,33.4022
71.1128,33.4152
71.1538,33.4283
71.1948,33.4413
71.2357,33.4543
71.2766,33.4673
71.3176,33.4802
71.3585,33.4932
71.3994,33.5061
71.4402,33.5191
71.4811,33.532
71.522,33.5449
71.5628,33.5578
71.6037,33.5706
71.6445,33.5835
71.6853,33.5964
71.7261,33.6092
71.7669,33.622
71.8077,33.6348
71.8484,33.6476
71.8892,33.6604
71.9299,33.6732
71.9707,33.6859
72.0114,33.6987
72.0521,33.7114
72.0928,33.7241
72.1335,33.7368
72.1742,33.7495
72.2148,33.7622
72.2555,33.7748
72.2961,33.7875
72.3368,33.8001
72.3774,33.8127
72.418,33.8253
72.4586,33.8379
72.4992,33.8505
72.5397,33.8631
72.5803,33.8756
72.6208,33.8882
72.6614,33.9007
72.7019,33.9132
72.7424,33.9257
72.7829,33.9382
72.8234,33.9507
72.8639,33.9631
72.9044,33.9756
72.9448,33.988
72.9853,34.0004
73.0257,34.0129
73.0661,34.0253
73.1065,34.0376
73.1469,34.05
73.1873,34.0624
73.2277,34.0747
73.2681,34.087
73.3084,34.0993
73.3488,34.1116
73.3891,34.1239
73.4294,34.1362
73.4697,34.1485
73.51,34.1607
73.5503,34.1729
73.5906,34.1852
73.6308,34.1974
73.6711,34.2096
73.7113,34.2218
73.7516,34.2339
73.7918,34.2461
73.832,34.2582
73.8722,34.2704
73.9124,34.2825
73.9525,34.2946
73.9927,34.3067
74.0329,34.3187
74.073,34.3308
74.1131,34.3429
74.1532,34.3549
74.1933,34.3669
74.2334,34.3789
74.2735,34.3909
74.3136,34.4029
74.3537,34.4149
74.3937,34.4268
74.4337,34.4388
74.4738,34.4507
74.5138,34.4626
74.5538,34.4745
74.5938,34.4864
74.6338,34.4983
74.6737,34.5102
74.7137,34.522
74.7537,34.5339
74.7936,34.5457
74.8335,34.5575
74.8734,34.5693
74.9134,34.5811
74.9532,34.5929
74.9931,34.6046
75.033,34.6164
75.0729,34.6281
75.1127,34.6398
75.1526,34.6516
75.1924,34.6633
75.2322,34.6749
75.272,34.6866
75.3118,34.6983
75.3516,34.7099
75.3914,34.7215
75.4311,34.7332
75.4709,34.7448
75.5106,34.7564
75.5503,34.7679
75.5901,34.7795
75.6298,34.7911
75.6695,34.8026
75.7092,34.8141
75.7488,34.8256
75.7885,34.8371
75.8281,34.8486
75.8678,34.8601
75.9074,34.8716
75.947,34.883
75.9866,34.8945
76.0262,34.9059
76.0658,34.9173
76.1054,34.9287
76.145,34.9401
76.1845,34.9514
76.2241,34.9628
76.2636,34.9741
76.3031,34.9855
76.3426,34.9968
76.3821,35.0081
76.4216,35.0194
76.4611,35.0307
76.5006,35.042
76.54,35.0532
76.5795,35.0644
76.6189,35.0757
76.6583,35.0869
76.6978,35.0981
76.7372,35.1093
76.7766,35.1205
76.8159,35.1316
76.8553,35.1428
76.8947,35.1539
76.934,35.1651
76.9734,35.1762
77.0127,35.1873
77.052,35.1984
77.0913,35.2094
77.1306,35.2205
77.1699,35.2316
77.2092,35.2426
77.2484,35.2536
77.2877,35.2646
77.3269,35.2756
77.3662,35.2866
77.4054,35.2976
77.4446,35.3085
77.4838,35.3195
77.523,35.3304
77.5622,35.3414
77.6013,35.3523
77.6405,35.3632
77.6796,35.374
77.7188,35.3849
77.7579,35.3958
77.797,35.4066
77.8361,35.4175
77.8752,35.4283
77.9143,35.4391
77.9534,35.4499
77.9924,35.4607
78.0315,35.4714
78.0705,35.4822
78.1096,35.4929
78.1486,35.5037
78.1876,35.5144
78.2266,35.5251
78.2656,35.5358
78.3046,35.5465
78.3435,35.5571
78.3825,35.5678
78.4214,35.5784
78.4604,35.5891
78.4993,35.5997
78.5382,35.6103
78.5771,35.6209
78.616,35.6315
78.6549,35.642
78.6938,35.6526
78.7326,35.6631
78.7715,35.6736
78.8103,35.6842
78.8492,35.6947
78.888,35.7052
78.9268,35.7156
78.9656,35.7261
79.0044,35.7366
79.0432,35.747
79.0819,35.7574
79.1207,35.7678
79.1594,35.7782
79.1982,35.7886
79.2369,35.799
79.2756,35.8094
79.3143,35.8197
79.353,35.8301
79.3917,35.8404
79.4304,35.8507
79.4691,35.861
79.5077,35.8713
79.5464,35.8816
79.585,35.8918
79.6236,35.9021
79.6622,35.9123
79.7008,35.9226
79.7394,35.9328
79.778,35.943
79.8166,35.9532
79.8551,35.9633
79.8937,35.9735
79.9322,35.9837
79.9708,35.9938
80.0093,36.0039
80.0478,36.014
80.0863,36.0241
80.1248,36.0342
80.1633,36.0443
80.2018,36.0544
80.2402,36.0644
80.2787,36.0745
80.3171,36.0845
80.3555,36.0945
80.394,36.1045
80.4324,36.1145
80.4708,36.1245
80.5092,36.1344
80.5475,36.1444
80.5859,36.1543
80.6243,36.1643
80.6626,36.1742
80.7009,36.1841
80.7393,36.194
80.7776,36.2039
80.8159,36.2137
80.8542,36.2236
80.8925,36.2334
80.9308,36.2432
80.969,36.2531
81.0073,36.2629
81.0455,36.2727
81.0838,36.2824
81.122,36.2922
81.1602,36.302
81.1984,36.3117
81.2366,36.3214
81.2748,36.3311
81.313,36.3408
81.3512,36.3505
81.3893,36.3602
81.4275,36.3699
81.4656,36.3795
81.5037,36.3892
81.5419,36.3988
81.58,36.4084
81.6181,36.418
81.6561,36.4276
81.6942,36.4372
81.7323,36.4468
81.7704,36.4563
81.8084,36.4659
81.8464,36.4754
81.8845,36.4849
81.9225,36.4944
81.9605,36.5039
81.9985,36.5134
82.0365,36.5229
82.0745,36.5324
82.1124,36.5418
82.1504,36.5512
82.1883,36.5607
82.2263,36.5701
82.2642,36.5795
82.3021,36.5888
82.34,36.5982
82.3779,36.6076
82.4158,36.6169
82.4537,36.6263
82.4916,36.6356
82.5294,36.6449
82.5673,36.6542
82.6051,36.6635
82.6429,36.6728
82.6808,36.682
82.7186,36.6913
82.7564,36.7005
82.7942,36.7097
82.8319,36.719
82.8697,36.7282
82.9075,36.7373
82.9452,36.7465
82.983,36.7557
83.0207,36.7648
83.0584,36.774
83.0961,36.7831
83.1338,36.7922
83.1715,36.8013
83.2092,36.8104
83.2469,36.8195
83.2846,36.8286
83.3222,36.8376
83.3599,36.8467
83.3975,36.8557
83.4351,36.8647
83.4727,36.8737
83.5103,36.8827
83.5479,36.8917
83.5855,36.9007
83.6231,36.9096
83.6607,36.9186
83.6982,36.9275
83.7358,36.9364
83.7733,36.9454
83.8108,36.9542
83.8484,36.9631
83.8859,36.972
83.9234,36.9809
83.9609,36.9897
83.9983,36.9986
84.0358,37.0074
84.0733,37.0162
84.1107,37.025
84.1482,37.0338
84.1856,37.0426
84.223,37.0513
84.2604,37.0601
84.2978,37.0688
84.3352,37.0776
84.3726,37.0863
84.41,37.095
84.4473,37.1037
84.4847,37.1124
84.5221,37.121
84.5594,37.1297
84.5967,37.1383
84.634,37.147
84.6713,37.1556
84.7086,37.1642
84.7459,37.1728
84.7832,37.1814
84.8205,37.1899
84.8577,37.1985
84.895,37.2071
84.9322,37.2156
84.9695,37.2241
85.0067,37.2326
85.0439,37.2411
85.0811,37.2496
85.1183,37.2581
85.1555,37.2666
85.1927,37.275
85.2298,37.2835
85.267,37.2919
85.3041,37.3003
85.3413,37.3087
85.3784,37.3171
85.4155,37.3255
85.4526,37.3339
85.4897,37.3422
85.5268,37.3506
85.5639,37.3589
85.601,37.3672
85.638,37.3755
85.6751,37.3838
85.7121,37.3921
85.7491,37.4004
85.7862,37.4087
85.8232,37.4169
85.8602,37.4251
85.8972,37.4334
85.9342,37.4416
85.9712,37.4498
86.0081,37.458
86.0451,37.4662
86.082,37.4743
86.119,37.4825
86.1559,37.4906
86.1928,37.4988
86.2297,37.5069
86.2666,37.515
86.3035,37.5231
86.3404,37.5312
86.3773,37.5392
86.4142,37.5473
86.451,37.5554
86.4879,37.5634
86.5247,37.5714
86.5615,37.5794
86.5983,37.5874
86.6352,37.5954
86.672,37.6034
86.7088,37.6114
86.7455,37.6193
86.7823,37.6273
86.8191,37.6352
86.8558,37.6431
86.8926,37.651
86.9293,37.6589
86.966,37.6668
87.0028,37.6747
87.0395,37.6825
87.0762,37.6904
87.1129,37.6982
87.1495,37.7061
87.1862,37.7139
87.2229,37.7217
87.2595,37.7295
87.2962,37.7372
87.3328,37.745
87.3694,37.7528
87.406,37.7605
87.4427,37.7682
87.4793,37.776
87.5158,37.7837
87.5524,37.7914
87.589,37.799
87.6256,37.8067
87.6621,37.8144
87.6987,37.822
87.7352,37.8297
87.7717,37.8373
87.8082,37.8449
87.8447,37.8525
87.8812,37.8601
87.9177,37.8677
87.9542,37.8752
87.9907,37.8828
88.0272,37.8903
88.0636,37.8979
88.1,37.9054
88.1365,37.9129
88.1729,37.9204
88.2093,37.9279
88.2457,37.9354
88.2821,37.9428
88.3185,37.9503
88.3549,37.9577
88.3913,37.9651
88.4276,37.9726
88.464,37.98
88.5003,37.9874
88.5367,37.9947
88.573,38.0021
88.6093,38.0095
88.6456,38.0168
88.6819,38.0241
88.7182,38.0315
88.7545,38.0388
88.7908,38.0461
88.827,38.0534
88.8633,38.0606
88.8996,38.0679
88.9358,38.0752
88.972,38.0824
89.0082,38.0896
89.0444,38.0969
89.0807,38.1041
89.1168,38.1113
89.153,38.1184
89.1892,38.1256
89.2254,38.1328
89.2615,38.1399
89.2977,38.1471
89.3338,38.1542
89.3699,38.1613
89.4061,38.1684
89.4422,38.1755
89.4783,38.1826
89.5144,38.1896
89.5505,38.1967
89.5865,38.2037
89.6226,38.2108
89.6587,38.2178
89.6947,38.2248
89.7308,38.2318
89.7668,38.2388
89.8028,38.2458
89.8388,38.2527
89.8749,38.2597
89.9109,38.2666
89.9468,38.2736
89.9828,38.2805
90.0188,38.2874
90.0548,38.2943
90.0907,38.3012
90.1267,38.308
90.1626,38.3149
90.1985,38.3218
90.2344,38.3286
90.2704,38.3354
90.3063,38.3422
90.3422,38.349
90.378,38.3558
90.4139,38.3626
90.4498,38.3694
90.4856,38.3761
90.5215,38.3829
90.5573,38.3896
90.5932,38.3963
90.629,38.4031
90.6648,38.4098
90.7006,38.4164
90.7364,38.4231
90.7722,38.4298
90.808,38.4364
90.8437,38.4431
90.8795,38.4497
90.9153,38.4563
90.951,38.463
90.9867,38.4696
91.0225,38.4761
91.0582,38.4827
91.0939,38.4893
91.1296,38.4958
91.1653,38.5024
91.201,38.5089
91.2367,38.5154
91.2723,38.5219
91.308,38.5284
91.3436,38.5349
91.3793,38.5414
91.4149,38.5478
91.4505,38.5543
91.4861,38.5607
91.5218,38.5672
91.5574,38.5736
91.5929,38.58
91.6285,38.5864
91.6641,38.5928
91.6997,38.5991
91.7352,38.6055
91.7708,38.6118
91.8063,38.6182
91.8418,38.6245
91.8774,38.6308
91.9129,38.6371
91.9484,38.6434
91.9839,38.6497
92.0194,38.656
92.0548,38.6622
92.0903,38.6685
92.1258,38.6747
92.1612,38.6809
92.1967,38.6871
92.2321,38.6933
92.2675,38.6995
92.3029,38.7057
92.3384,38.7119
92.3738,38.718
92.4092,38.7242
92.4445,38.7303
92.4799,38.7364
92.5153,38.7425
92.5506,38.7486
92.586,38.7547
92.6213,38.7608
92.6567,38.7669
92.692,38.7729
92.7273,38.779
92.7626,38.785
92.7979,38.791
92.8332,38.797
92.8685,38.803
92.9038,38.809
92.939,38.815
92.9743,38.821
93.0096,38.8269
93.0448,38.8329
93.08,38.8388
93.1153,38.8447
93.1505,38.8506
93.1857,38.8565
93.2209,38.8624
93.2561,38.8683
93.2913,38.8741
93.3264,38.88
93.3616,38.8858
93.3968,38.8917
93.4319,38.8975
93.4671,38.9033
93.5022,38.9091
93.5373,38.9149
93.5724,38.9206
93.6075,38.9264
93.6426,38.9322
93.6777,38.9379
93.7128,38.9436
93.7479,38.9493
93.7829,38.9551
93.818,38.9608
93.8531,38.9664
93.8881,38.9721
93.9231,38.9778
93.9582,38.9834
93.9932,38.9891
94.0282,38.9947
94.0632,39.0003
94.0982,39.0059
94.1332,39.0115
94.1681,39.0171
94.2031,39.0227
94.2381,39.0282
94.273,39.0338
94.308,39.0393
94.3429,39.0449
94.3778,39.0504
94.4127,39.0559
94.4476,39.0614
94.4825,39.0669
94.5174,39.0723
94.5523,39.0778
94.5872,39.0833
94.6221,39.0887
94.6569,39.0941
94.6918,39.0995
94.7266,39.105
94.7615,39.1103
94.7963,39.1157
94.8311,39.1211
94.8659,39.1265
94.9007,39.1318
94.9355,39.1372
94.9703,39.1425
95.0051,39.1478
95.0398,39.1531
95.0746,39.1584
95.1094,39.1637
95.1441,39.169
95.1788,39.1742
95.2136,39.1795
95.2483,39.1847
95.283,39.19
95.3177,39.1952
95.3524,39.2004
95.3871,39.2056
95.4218,39.2108
95.4565,39.216
95.4911,39.2211
95.5258,39.2263
95.5604,39.2314
95.5951,39.2365
95.6297,39.2417
95.6643,39.2468
95.6989,39.2519
95.7335,39.257
95.7681,39.262
95.8027,39.2671
95.8373,39.2722
95.8719,39.2772
95.9065,39.2822
95.941,39.2873
95.9756,39.2923
96.0101,39.2973
96.0447,39.3023
96.0792,39.3072
96.1137,39.3122
96.1482,39.3172
96.1827,39.3221
96.2172,39.327
96.2517,39.332
96.2862,39.3369
96.3206,39.3418
96.3551,39.3467
96.3896,39.3515
96.424,39.3564
96.4585,39.3613
96.4929,39.3661
96.5273,39.3709
96.5617,39.3758
96.5961,39.3806
96.6305,39.3854
96.6649,39.3902
96.6993,39.395
96.7337,39.3997
96.7681,39.4045
96.8024,39.4092
96.8368,39.414
96.8711,39.4187
96.9054,39.4234
96.9398,39.4281
96.9741,39.4328
97.0084,39.4375
97.0427,39.4422
97.077,39.4468
97.1113,39.4515
97.1456,39.4561
97.1798,39.4608
97.2141,39.4654
97.2484,39.47
97.2826,39.4746
97.3169,39.4792
97.3511,39.4837
97.3853,39.4883
97.4195,39.4928
97.4537,39.4974
97.4879,39.5019
97.5221,39.5064
97.5563,39.511
97.5905,39.5154
97.6247,39.5199
97.6588,39.5244
97.693,39.5289
97.7271,39.5333
97.7613,39.5378
97.7954,39.5422
97.8295,39.5466
97.8636,39.551
97.8977,39.5554
97.9318,39.5598
97.9659,39.5642
98,39.5686
98.0341,39.5729
98.0682,39.5773
98.1022,39.5816
98.1363,39.586
98.1703,39.5903
98.2044,39.5946
98.2384,39.5989
98.2724,39.6031
98.3064,39.6074
98.3404,39.6117
98.3744,39.6159
98.4084,39.6202
98.4424,39.6244
98.4764,39.6286
98.5103,39.6328
98.5443,39.637
98.5783,39.6412
98.6122,39.6454
98.6461,39.6495
98.6801,39.6537
98.714,39.6578
98.7479,39.662
98.7818,39.6661
98.8157,39.6702
98.8496,39.6743
98.8835,39.6784
98.9173,39.6825
98.9512,39.6865
98.9851,39.6906
99.0189,39.6946
99.0528,39.6987
99.0866,39.7027
99.1204,39.7067
99.1543,39.7107
99.1881,39.7147
99.2219,39.7187
99.2557,39.7227
99.2895,39.7266
99.3232,39.7306
99.357,39.7345
99.3908,39.7384
99.4245,39.7423
99.4583,39.7463
99.492,39.7501
99.5258,39.754
99.5595,39.7579
99.5932,39.7618
99.6269,39.7656
99.6606,39.7695
99.6943,39.7733
99.728,39.7771
99.7617,39.7809
99.7954,39.7847
99.8291,39.7885
99.8627,39.7923
99.8964,39.7961
99.93,39.7998
99.9637,39.8036
99.9973,39.8073
100.031,39.811
100.065,39.8147
100.098,39.8184
100.132,39.8221
100.165,39.8258
100.199,39.8295
100.232,39.8332
100.266,39.8368
100.3,39.8404
100.333,39.8441
100.367,39.8477
100.4,39.8513
100.434,39.8549
100.467,39.8585
100.501,39.8621
100.534,39.8656
100.568,39.8692
100.601,39.8727
100.635,39.8763
100.668,39.8798
100.702,39.8833
100.735,39.8868
100.769,39.8903
100.802,39.8938
100.836,39.8973
100.869,39.9007
100.902,39.9042
100.936,39.9076
100.969,39.911
101.003,39.9144
101.036,39.9179
101.069,39.9212
101.103,39.9246
101.136,39.928
101.17,39.9314
101.203,39.9347
101.236,39.9381
101.27,39.9414
101.303,39.9447
101.336,39.948
101.37,39.9513
101.403,39.9546
101.436,39.9579
101.47,39.9612
101.503,39.9644
101.536,39.9677
101.569,39.9709
101.603,39.9742
101.636,39.9774
101.669,39.9806
101.702,39.9838
101.736,39.987
101.769,39.9901
101.802,39.9933
101.835,39.9965
101.869,39.9996
101.902,40.0027
101.935,40.0059
101.968,40.009
102.001,40.0121
102.034,40.0152
102.068,40.0182
102.101,40.0213
102.134,40.0244
102.167,40.0274
102.2,40.0305
102.233,40.0335
102.266,40.0365
102.3,40.0395
102.333,40.0425
102.366,40.0455
102.399,40.0485
102.432,40.0514
102.465,40.0544
102.498,40.0573
102.531,40.0603
102.564,40.0632
102.597,40.0661
102.63,40.069
102.663,40.0719
102.696,40.0748
102.729,40.0777
102.762,40.0805
102.795,40.0834
102.828,40.0862
102.861,40.0891
102.894,40.0919
102.927,40.0947
102.96,40.0975
102.993,40.1003
103.026,40.103
103.059,40.1058
103.092,40.1086
103.125,40.1113
103.158,40.1141
103.191,40.1168
103.224,40.1195
103.257,40.1222
103.29,40.1249
103.323,40.1276
103.355,40.1303
103.388,40.1329
103.421,40.1356
103.454,40.1382
103.487,40.1408
103.52,40.1435
103.553,40.1461
103.585,40.1487
103.618,40.1513
103.651,40.1538
103.684,40.1564
103.717,40.159
103.749,40.1615
103.782,40.1641
103.815,40.1666
103.848,40.1691
103.881,40.1716
103.913,40.1741
103.946,40.1766
103.979,40.1791
104.012,40.1816
104.044,40.184
104.077,40.1865
104.11,40.1889
104.142,40.1913
104.175,40.1937
104.208,40.1961
104.241,40.1985
104.273,40.2009
104.306,40.2033
104.339,40.2056
104.371,40.208
104.404,40.2103
104.436,40.2127
104.469,40.215
104.502,40.2173
104.534,40.2196
104.567,40.2219
104.6,40.2242
104.632,40.2265
104.665,40.2287
104.697,40.231
104.73,40.2332
104.763,40.2354
104.795,40.2377
104.828,40.2399
104.86,40.2421
104.893,40.2442
104.925,40.2464
104.958,40.2486
104.99,40.2508
105.023,40.2529
105.055,40.255
105.088,40.2572
105.12,40.2593
105.153,40.2614
105.185,40.2635
105.218,40.2656
105.25,40.2676
105.283,40.2697
105.315,40.2718
105.348,40.2738
105.38,40.2758
105.413,40.2779
105.445,40.2799
105.477,40.2819
105.51,40.2839
105.542,40.2859
105.575,40.2878
105.607,40.2898
105.639,40.2917
105.672,40.2937
105.704,40.2956
105.736,40.2975
105.769,40.2995
105.801,40.3014
105.834,40.3032
105.866,40.3051
105.898,40.307
105.93,40.3089
105.963,40.3107
105.995,40.3125
106.027,40.3144
106.06,40.3162
106.092,40.318
106.124,40.3198
106.157,40.3216
106.189,40.3234
106.221,40.3251
106.253,40.3269
106.286,40.3287
106.318,40.3304
106.35,40.3321
106.382,40.3338
106.414,40.3355
106.447,40.3372
106.479,40.3389
106.511,40.3406
106.543,40.3423
106.575,40.3439
106.608,40.3456
106.64,40.3472
106.672,40.3488
106.704,40.3505
106.736,40.3521
106.768,40.3537
106.801,40.3552
106.833,40.3568
106.865,40.3584
106.897,40.3599
106.929,40.3615
106.961,40.363
106.993,40.3645
107.025,40.3661
107.057,40.3676
107.089,40.3691
107.121,40.3705
107.154,40.372
107.186,40.3735
107.218,40.3749
107.25,40.3764
107.282,40.3778
107.314,40.3792
107.346,40.3807
107.378,40.3821
107.41,40.3835
107.442,40.3848
107.474,40.3862
107.506,40.3876
107.538,40.3889
107.57,40.3903
107.602,40.3916
107.634,40.3929
107.666,40.3942
107.697,40.3955
107.729,40.3968
107.761,40.3981
107.793,40.3994
107.825,40.4007
107.857,40.4019
107.889,40.4031
107.921,40.4044
107.953,40.4056
107.985,40.4068
108.016,40.408
108.048,40.4092
108.08,40.4104
108.112,40.4116
108.144,40.4127
108.176,40.4139
108.208,40.415
108.239,40.4162
108.271,40.4173
108.303,40.4184
108.335,40.4195
108.367,40.4206
108.398,40.4217
108.43,40.4227
108.462,40.4238
108.494,40.4248
108.526,40.4259
108.557,40.4269
108.589,40.4279
108.621,40.429
108.653,40.43
108.684,40.4309
108.716,40.4319
108.748,40.4329
108.779,40.4339
108.811,40.4348
108.843,40.4358
108.875,40.4367
108.906,40.4376
108.938,40.4385
108.97,40.4394
109.001,40.4403
109.033,40.4412
109.065,40.4421
109.096,40.4429
109.128,40.4438
109.159,40.4446
109.191,40.4454
109.223,40.4463
109.254,40.4471
109.286,40.4479
109.317,40.4487
109.349,40.4495
109.381,40.4502
109.412,40.451
109.444,40.4517
109.475,40.4525
109.507,40.4532
109.538,40.4539
109.57,40.4546
109.602,40.4554
109.633,40.456
109.665,40.4567
109.696,40.4574
109.728,40.4581
109.759,40.4587
109.791,40.4594
109.822,40.46
109.854,40.4606
109.885,40.4612
109.917,40.4618
109.948,40.4624
109.98,40.463
110.011,40.4636
110.042,40.4641
110.074,40.4647
110.105,40.4652
110.137,40.4658
110.168,40.4663
110.2,40.4668
110.231,40.4673
110.262,40.4678
110.294,40.4683
110.325,40.4688
110.357,40.4692
110.388,40.4697
110.419,40.4701
110.451,40.4706
110.482,40.471
110.513,40.4714
110.545,40.4718
110.576,40.4722
110.607,40.4726
110.639,40.473
110.67,40.4733
110.701,40.4737
110.733,40.474
110.764,40.4744
110.795,40.4747
110.826,40.475
110.858,40.4753
110.889,40.4756
110.92,40.4759
110.951,40.4762
110.983,40.4764
111.014,40.4767
111.045,40.4769
111.076,40.4772
111.108,40.4774
111.139,40.4776
111.17,40.4778
111.201,40.478
111.232,40.4782
111.264,40.4784
111.295,40.4785
111.326,40.4787
111.357,40.4789
111.388,40.479
111.42,40.4791
111.451,40.4792
111.482,40.4793
111.513,40.4794
111.544,40.4795
111.575,40.4796
111.606,40.4797
111.637,40.4797
111.669,40.4798
111.7,40.4798
111.731,40.4799
111.762,40.4799
111.793,40.4799
111.824,40.4799
111.855,40.4799
111.886,40.4799
111.917,40.4798
111.948,40.4798
111.979,40.4798
112.01,40.4797
112.041,40.4796
112.072,40.4796
112.103,40.4795
112.134,40.4794
112.165,40.4793
112.196,40.4791
112.227,40.479
112.258,40.4789
112.289,40.4787
112.32,40.4786
112.351,40.4784
112.382,40.4782
112.413,40.4781
112.444,40.4779
112.475,40.4777
112.506,40.4774
112.537,40.4772
112.568,40.477
112.599,40.4767
112.63,40.4765
112.661,40.4762
112.691,40.476
112.722,40.4757
112.753,40.4754
112.784,40.4751
112.815,40.4748
112.846,40.4744
112.877,40.4741
112.908,40.4738
112.938,40.4734
112.969,40.4731
113,40.4727
113.031,40.4723
113.062,40.4719
113.093,40.4715
113.123,40.4711
113.154,40.4707
113.185,40.4703
113.216,40.4698
113.246,40.4694
113.277,40.4689
113.308,40.4685
113.339,40.468
113.37,40.4675
113.4,40.467
113.431,40.4665
113.462,40.466
113.492,40.4654
113.523,40.4649
113.554,40.4644
113.585,40.4638
113.615,40.4632
113.646,40.4627
113.677,40.4621
113.707,40.4615
113.738,40.4609
113.769,40.4603
113.799,40.4597
113.83,40.459
113.861,40.4584
113.891,40.4577
113.922,40.4571
113.953,40.4564
113.983,40.4557
114.014,40.455
114.045,40.4543
114.075,40.4536
114.106,40.4529
114.136,40.4522
114.167,40.4514
114.198,40.4507
114.228,40.4499
114.259,40.4492
114.289,40.4484
114.32,40.4476
114.35,40.4468
114.381,40.446
114.411,40.4452
114.442,40.4444
114.473,40.4435
114.503,40.4427
114.534,40.4418
114.564,40.441
114.595,40.4401
114.625,40.4392
114.656,40.4383
114.686,40.4374
114.717,40.4365
114.747,40.4356
114.778,40.4347
114.808,40.4337
114.838,40.4328
114.869,40.4318
114.899,40.4308
114.93,40.4299
114.96,40.4289
114.991,40.4279
115.021,40.4269
115.051,40.4258
115.082,40.4248
115.112,40.4238
115.143,40.4227
115.173,40.4217
115.203,40.4206
115.234,40.4195
115.264,40.4185
115.295,40.4174
115.325,40.4163
115.355,40.4151
115.386,40.414
115.416,40.4129
115.446,40.4117
115.477,40.4106
115.507,40.4094
115.537,40.4083
115.568,40.4071
115.598,40.4059
115.628,40.4047
115.658,40.4035
115.689,40.4023
115.719,40.401
115.749,40.3998
115.779,40.3986
115.81,40.3973
115.84,40.396
115.87,40.3948
115.9,40.3935
115.931,40.3922
115.961,40.3909
115.991,40.3896
116.021,40.3882
116.052,40.3869
116.082,40.3856
116.112,40.3842
116.142,40.3829
116.172,40.3815
116.203,40.3801
116.233,40.3787
116.263,40.3773
116.293,40.3759
116.323,40.3745
116.353,40.3731
116.383,40.3716
116.414,40.3702
116.444,40.3687
116.474,40.3672
116.504,40.3658
116.534,40.3643
116.564,40.3628
116.594,40.3613
116.624,40.3598
116.655,40.3583
116.685,40.3567
116.715,40.3552
116.745,40.3536
116.775,40.3521
116.805,40.3505
116.835,40.3489
116.865,40.3473
116.895,40.3457
116.925,40.3441
116.955,40.3425
116.985,40.3409
117.015,40.3392
117.045,40.3376
117.075,40.3359
117.105,40.3343
117.135,40.3326
117.165,40.3309
117.195,40.3292
117.225,40.3275
117.255,40.3258
117.285,40.3241
117.315,40.3223
117.345,40.3206
117.375,40.3189
117.405,40.3171
117.435,40.3153
117.465,40.3135
117.495,40.3118
117.524,40.31
117.554,40.3082
117.584,40.3063
117.614,40.3045
117.644,40.3027
117.674,40.3008
117.704,40.299
117.734,40.2971
117.764,40.2952
117.793,40.2934
117.823,40.2915
117.853,40.2896
117.883,40.2877
117.913,40.2857
117.943,40.2838
117.972,40.2819
118.002,40.2799
118.032,40.278
118.062,40.276
118.092,40.274
118.121,40.272
118.151,40.27
118.181,40.268
118.211,40.266
118.241,40.264
118.27,40.262
118.3,40.2599
118.33,40.2579
118.36,40.2558
118.389,40.2537
118.419,40.2516
118.449,40.2496
118.479,40.2475
118.508,40.2454
118.538,40.2432
118.568,40.2411
118.597,40.239
118.627,40.2368
118.657,40.2347
118.686,40.2325
118.716,40.2303
118.746,40.2281
118.775,40.226
118.805,40.2238
118.835,40.2215
118.864,40.2193
118.894,40.2171
118.924,40.2149
118.953,40.2126
118.983,40.2103
119.013,40.2081
119.042,40.2058
119.072,40.2035
119.101,40.2012
119.131,40.1989
119.161,40.1966
119.19,40.1943
119.22,40.1919
119.249,40.1896
119.279,40.1873
119.308,40.1849
119.338,40.1825
119.368,40.1801
119.397,40.1778
119.427,40.1754
119.456,40.1729
119.486,40.1705
119.515,40.1681
119.545,40.1657
119.574,40.1632
119.604,40.1608
119.633,40.1583
119.663,40.1558
119.692,40.1533
119.722,40.1509
119.751,40.1484
119.781,40.1458
119.81,40.1433
119.84,40.1408
119.869,40.1383
119.898,40.1357
119.928,40.1332
119.957,40.1306
119.987,40.128
120.016,40.1254
120.046,40.1228
120.075,40.1202
120.104,40.1176
120.134,40.115
120.163,40.1124
120.193,40.1097
120.222,40.1071
120.251,40.1044
120.281,40.1018
120.31,40.0991
120.339,40.0964
120.369,40.0937
120.398,40.091
120.427,40.0883
120.457,40.0856
120.486,40.0828
120.515,40.0801
120.545,40.0773
120.574,40.0746
120.603,40.0718
120.633,40.069
120.662,40.0662
120.691,40.0634
120.72,40.0606
120.75,40.0578
120.779,40.055
120.808,40.0521
120.838,40.0493
120.867,40.0464
120.896,40.0436
120.925,40.0407
120.955,40.0378
120.984,40.0349
121.013,40.032
121.042,40.0291
121.071,40.0262
121.101,40.0233
121.13,40.0204
121.159,40.0174
121.188,40.0145
121.217,40.0115
121.247,40.0085
121.276,40.0055
121.305,40.0025
121.334,39.9995
121.363,39.9965
121.392,39.9935
121.422,39.9905
121.451,39.9874
121.48,39.9844
121.509,39.9813
121.538,39.9783
121.567,39.9752
121.596,39.9721
121.625,39.969
121.654,39.9659
121.684,39.9628
121.713,39.9597
121.742,39.9566
121.771,39.9534
121.8,39.9503
121.829,39.9471
121.858,39.944
121.887,39.9408
121.916,39.9376
121.945,39.9344
121.974,39.9312
122.003,39.928
122.032,39.9248
122.061,39.9215
122.09,39.9183
122.119,39.915
122.148,39.9118
122.177,39.9085
122.206,39.9052
122.235,39.902
122.264,39.8987
122.293,39.8954
122.322,39.892
122.351,39.8887
122.38,39.8854
122.409,39.8821
122.438,39.8787
122.467,39.8753
122.496,39.872
122.525,39.8686
122.554,39.8652
122.583,39.8618
122.612,39.8584
122.64,39.855
122.669,39.8516
122.698,39.8481
122.727,39.8447
122.756,39.8413
122.785,39.8378
122.814,39.8343
122.843,39.8308
122.872,39.8274
122.9,39.8239
122.929,39.8204
122.958,39.8168
122.987,39.8133
123.016,39.8098
123.045,39.8062
123.073,39.8027
123.102,39.7991
123.131,39.7956
123.16,39.792
123.189,39.7884
123.217,39.7848
123.246,39.7812
123.275,39.7776
123.304,39.774
123.333,39.7703
123.361,39.7667
123.39,39.763
123.419,39.7594
123.448,39.7557
123.476,39.752
123.505,39.7483
123.534,39.7446
123.563,39.7409
123.591,39.7372
123.62,39.7335
123.649,39.7298
123.677,39.726
123.706,39.7223
123.735,39.7185
123.763,39.7148
123.792,39.711
123.821,39.7072
123.85,39.7034
123.878,39.6996
123.907,39.6958
123.936,39.6919
123.964,39.6881
123.993,39.6843
124.021,39.6804
124.05,39.6766
124.079,39.6727
124.107,39.6688
124.136,39.6649
124.165,39.661
124.193,39.6571
124.222,39.6532
124.25,39.6493
124.279,39.6454
124.308,39.6414
124.336,39.6375
124.365,39.6335
124.393,39.6295
124.422,39.6256
124.45,39.6216
124.479,39.6176
124.507,39.6136
124.536,39.6096
124.565,39.6055
124.593,39.6015
124.622,39.5975
124.65,39.5934
124.679,39.5894
124.707,39.5853
124.736,39.5812
124.764,39.5771
124.793,39.573
124.821,39.5689
124.85,39.5648
124.878,39.5607
124.907,39.5566
124.935,39.5524
124.963,39.5483
124.992,39.5441
125.02,39.54
125.049,39.5358
125.077,39.5316
125.106,39.5274
125.134,39.5232
125.163,39.519
125.191,39.5148
125.219,39.5105
125.248,39.5063
125.276,39.5021
125.305,39.4978
125.333,39.4935
125.361,39.4893
125.39,39.485
125.418,39.4807
125.446,39.4764
125.475,39.4721
125.503,39.4678
125.531,39.4634
125.56,39.4591
125.588,39.4547
125.617,39.4504
125.645,39.446
125.673,39.4417
125.701,39.4373
125.73,39.4329
125.758,39.4285
125.786,39.4241
125.815,39.4196
125.843,39.4152
125.871,39.4108
125.9,39.4063
125.928,39.4019
125.956,39.3974
125.984,39.393
126.013,39.3885
126.041,39.384
126.069,39.3795
126.097,39.375
126.126,39.3705
126.154,39.3659
126.182,39.3614
126.21,39.3569
126.238,39.3523
126.267,39.3477
126.295,39.3432
126.323,39.3386
126.351,39.334
126.379,39.3294
126.408,39.3248
126.436,39.3202
126.464,39.3156
126.492,39.3109
126.52,39.3063
126.549,39.3016
126.577,39.297
126.605,39.2923
126.633,39.2876
126.661,39.283
126.689,39.2783
126.717,39.2736
126.745,39.2688
126.774,39.2641
126.802,39.2594
126.83,39.2547
126.858,39.2499
126.886,39.2451
126.914,39.2404
126.942,39.2356
126.97,39.2308
126.998,39.226
127.026,39.2212
127.054,39.2164
127.082,39.2116
127.11,39.2068
127.139,39.2019
127.167,39.1971
127.195,39.1922
127.223,39.1874
127.251,39.1825
127.279,39.1776
127.307,39.1727
127.335,39.1678
127.363,39.1629
127.391,39.158
127.419,39.1531
127.447,39.1481
127.475,39.1432
127.503,39.1382
127.531,39.1333
127.559,39.1283
127.587,39.1233
127.614,39.1183
127.642,39.1133
127.67,39.1083
127.698,39.1033
127.726,39.0983
127.754,39.0933
127.782,39.0882
127.81,39.0832
127.838,39.0781
127.866,39.073
127.894,39.068
127.922,39.0629
127.95,39.0578
127.977,39.0527
128.005,39.0476
128.033,39.0425
128.061,39.0373
128.089,39.0322
128.117,39.027
128.145,39.0219
128.172,39.0167
128.2,39.0115
128.228,39.0064
128.256,39.0012
128.284,38.996
128.312,38.9908
128.339,38.9855
128.367,38.9803
128.395,38.9751
128.423,38.9698
128.451,38.9646
128.478,38.9593
128.506,38.9541
128.534,38.9488
128.562,38.9435
128.59,38.9382
128.617,38.9329
128.645,38.9276
128.673,38.9222
128.701,38.9169
128.728,38.9116
128.756,38.9062
128.784,38.9009
128.811,38.8955
128.839,38.8901
128.867,38.8847
128.895,38.8793
128.922,38.8739
128.95,38.8685
128.978,38.8631
129.005,38.8577
129.033,38.8522
129.061,38.8468
129.088,38.8413
129.116,38.8359
129.144,38.8304
129.171,38.8249
129.199,38.8194
129.227,38.8139
129.254,38.8084
129.282,38.8029
129.31,38.7974
129.337,38.7918
129.365,38.7863
129.393,38.7808
129.42,38.7752
129.448,38.7696
129.475,38.764
129.503,38.7585
129.531,38.7529
129.558,38.7473
129.586,38.7416
129.613,38.736
129.641,38.7304
129.668,38.7248
129.696,38.7191
129.724,38.7135
129.751,38.7078
129.779,38.7021
129.806,38.6964
129.834,38.6907
129.861,38.685
129.889,38.6793
129.916,38.6736
129.944,38.6679
129.971,38.6622
129.999,38.6564
130.026,38.6507
130.054,38.6449
130.081,38.6391
130.109,38.6333
130.136,38.6276
130.164,38.6218
130.191,38.616
130.219,38.6101
130.246,38.6043
130.274,38.5985
130.301,38.5926
130.329,38.5868
130.356,38.5809
130.383,38.5751
130.411,38.5692
130.438,38.5633
130.466,38.5574
130.493,38.5515
130.52,38.5456
130.548,38.5397
130.575,38.5338
130.603,38.5278
130.63,38.5219
130.657,38.5159
130.685,38.51
130.712,38.504
130.74,38.498
130.767,38.492
130.794,38.486
130.822,38.48
130.849,38.474
130.876,38.468
130.904,38.462
130.931,38.4559
130.958,38.4499
130.986,38.4438
131.013,38.4378
131.04,38.4317
131.068,38.4256
131.095,38.4195
131.122,38.4134
131.149,38.4073
131.177,38.4012
131.204,38.3951
131.231,38.3889
131.259,38.3828
131.286,38.3766
131.313,38.3705
131.34,38.3643
131.368,38.3581
131.395,38.3519
131.422,38.3457
131.449,38.3395
131.476,38.3333
131.504,38.3271
131.531,38.3209
131.558,38.3146
131.585,38.3084
131.613,38.3021
131.64,38.2959
131.667,38.2896
131.694,38.2833
131.721,38.277
131.748,38.2707
131.776,38.2644
131.803,38.2581
131.83,38.2518
131.857,38.2454
131.884,38.2391
131.911,38.2327
131.939,38.2264
131.966,38.22
131.993,38.2136
132.02,38.2072
132.047,38.2009
132.074,38.1944
132.101,38.188
132.128,38.1816
132.156,38.1752
132.183,38.1688
132.21,38.1623
132.237,38.1559
132.264,38.1494
132.291,38.1429
132.318,38.1364
132.345,38.1299
132.372,38.1234
132.399,38.1169
132.426,38.1104
132.453,38.1039
132.48,38.0974
132.507,38.0908
132.534,38.0843
132.561,38.0777
132.589,38.0712
132.616,38.0646
132.643,38.058
132.67,38.0514
132.697,38.0448
132.724,38.0382
132.751,38.0316
132.778,38.025
132.805,38.0183
132.831,38.0117
132.858,38.005
132.885,37.9984
132.912,37.9917
132.939,37.985
132.966,37.9783
132.993,37.9716
133.02,37.9649
133.047,37.9582
133.074,37.9515
133.101,37.9448
133.128,37.938
133.155,37.9313
133.182,37.9245
133.209,37.9178
133.236,37.911
133.262,37.9042
133.289,37.8974
133.316,37.8906
133.343,37.8838
133.37,37.877
133.397,37.8702
133.424,37.8634
133.451,37.8565
133.477,37.8497
133.504,37.8428
133.531,37.836
133.558,37.8291
133.585,37.8222
133.612,37.8153
133.638,37.8084
133.665,37.8015
133.692,37.7946
133.719,37.7877
133.746,37.7807
133.773,37.7738
133.799,37.7668
133.826,37.7599
133.853,37.7529
133.88,37.7459
133.906,37.7389
133.933,37.7319
133.96,37.7249
133.987,37.7179
134.014,37.7109
134.04,37.7039
134.067,37.6969
134.094,37.6898
134.121,37.6828
134.147,37.6757
134.174,37.6686
134.201,37.6615
134.227,37.6545
134.254,37.6474
134.281,37.6403
134.308,37.6331
134.334,37.626
134.361,37.6189
134.388,37.6118
134.414,37.6046
134.441,37.5975
134.468,37.5903
134.494,37.5831
134.521,37.5759
134.548,37.5688
134.574,37.5616
134.601,37.5543
134.628,37.5471
134.654,37.5399
134.681,37.5327
134.708,37.5254
134.734,37.5182
134.761,37.5109
134.787,37.5037
134.814,37.4964
134.841,37.4891
134.867,37.4818
134.894,37.4745
134.92,37.4672
134.947,37.4599
134.974,37.4526
135,37.4452
135.027,37.4379
135.053,37.4306
135.08,37.4232
135.106,37.4158
135.133,37.4085
135.159,37.4011
135.186,37.3937
135.213,37.3863
135.239,37.3789
135.266,37.3715
135.292,37.364
135.319,37.3566
135.345,37.3492
135.372,37.3417
135.398,37.3342
135.425,37.3268
135.451,37.3193
135.478,37.3118
135.504,37.3043
135.531,37.2968
135.557,37.2893
135.584,37.2818
135.61,37.2743
135.637,37.2667
135.663,37.2592
135.689,37.2516
135.716,37.2441
135.742,37.2365
135.769,37.2289
135.795,37.2213
135.822,37.2137
135.848,37.2061
135.874,37.1985
135.901,37.1909
135.927,37.1833
135.954,37.1757
135.98,37.168
136.006,37.1604
136.033,37.1527
136.059,37.145
136.086,37.1373
136.112,37.1297
136.138,37.122
136.165,37.1143
136.191,37.1065
136.217,37.0988
136.244,37.0911
136.27,37.0834
136.296,37.0756
136.323,37.0679
136.349,37.0601
136.375,37.0523
136.402,37.0446
136.428,37.0368
136.454,37.029
136.481,37.0212
136.507,37.0134
136.533,37.0055
136.56,36.9977
136.586,36.9899
136.612,36.982
136.638,36.9742
136.665,36.9663
136.691,36.9584
136.717,36.9506
136.743,36.9427
136.77,36.9348
136.796,36.9269
136.822,36.919
136.848,36.911
136.875,36.9031
136.901,36.8952
136.927,36.8872
136.953,36.8793
136.98,36.8713
137.006,36.8633
137.032,36.8554
137.058,36.8474
137.084,36.8394
137.111,36.8314
137.137,36.8234
137.163,36.8153
137.189,36.8073
137.215,36.7993
137.241,36.7912
137.268,36.7832
137.294,36.7751
137.32,36.767
137.346,36.759
137.372,36.7509
137.398,36.7428
137.424,36.7347
137.451,36.7266
137.477,36.7184
137.503,36.7103
137.529,36.7022
137.555,36.694
137.581,36.6859
137.607,36.6777
137.633,36.6695
137.659,36.6614
137.686,36.6532
137.712,36.645
137.738,36.6368
137.764,36.6286
137.79,36.6203
137.816,36.6121
137.842,36.6039
137.868,36.5956
137.894,36.5874
137.92,36.5791
137.946,36.5708
137.972,36.5626
137.998,36.5543
138.024,36.546
138.05,36.5377
138.076,36.5294
138.102,36.521
138.128,36.5127
138.154,36.5044
138.18,36.496
138.206,36.4877
138.232,36.4793
138.258,36.4709
138.284,36.4626
138.31,36.4542
138.336,36.4458
138.362,36.4374
138.388,36.429
138.414,36.4205
138.44,36.4121
138.466,36.4037
138.492,36.3952
138.518,36.3868
138.544,36.3783
138.57,36.3699
138.596,36.3614
138.621,36.3529
138.647,36.3444
138.673,36.3359
138.699,36.3274
138.725,36.3189
138.751,36.3103
138.777,36.3018
138.803,36.2933
138.829,36.2847
138.854,36.2761
138.88,36.2676
138.906,36.259
138.932,36.2504
138.958,36.2418
138.984,36.2332
139.01,36.2246
139.035,36.216
139.061,36.2074
139.087,36.1987
139.113,36.1901
139.139,36.1814
139.165,36.1728
139.19,36.1641
139.216,36.1554
139.242,36.1468
139.268,36.1381
139.294,36.1294
139.319,36.1207
139.345,36.1119
139.371,36.1032
139.397,36.0945
139.422,36.0857
139.448,36.077
139.474,36.0682
139.5,36.0595
139.525,36.0507
139.551,36.0419
139.577,36.0331
139.603,36.0243
139.628,36.0155
139.654,36.0067
139.68,35.9979
139.706,35.9891
139.731,35.9802
139.757,35.9714
139.783,35.9625
139.808,35.9536
139.834,35.9448
139.86,35.9359
139.885,35.927
139.911,35.9181
139.937,35.9092
139.963,35.9003
139.988,35.8914
140.014,35.8824
140.04,35.8735
140.065,35.8646
140.091,35.8556
140.116,35.8466
140.142,35.8377
140.168,35.8287
140.193,35.8197
140.219,35.8107
140.245,35.8017
140.27,35.7927
140.296,35.7837
140.321,35.7746
140.347,35.7656
140.373,35.7566
140.398,35.7475
140.424,35.7385
140.449,35.7294
140.475,35.7203
140.501,35.7112
140.526,35.7021
140.552,35.693
140.577,35.6839
140.603,35.6748
140.628,35.6657
140.654,35.6565
140.679,35.6474
140.705,35.6383
140.73,35.6291
140.756,35.6199
140.782,35.6108
140.807,35.6016
140.833,35.5924
140.858,35.5832
140.884,35.574
140.909,35.5648
140.935,35.5555
140.96,35.5463
140.986,35.5371
141.011,35.5278
141.037,35.5186
141.062,35.5093
141.087,35.5
141.113,35.4907
141.138,35.4815
141.164,35.4722
141.189,35.4629
141.215,35.4535
141.24,35.4442
141.266,35.4349
141.291,35.4256
141.316,35.4162
141.342,35.4069
141.367,35.3975
141.393,35.3881
141.418,35.3787
141.444,35.3694
141.469,35.36
141.494,35.3506
141.52,35.3412
141.545,35.3317
141.57,35.3223
141.596,35.3129
141.621,35.3034
141.647,35.294
141.672,35.2845
141.697,35.2751
141.723,35.2656
141.748,35.2561
141.773,35.2466
141.799,35.2371
141.824,35.2276
141.849,35.2181
141.875,35.2086
141.9,35.199
141.925,35.1895
141.951,35.1799
141.976,35.1704
142.001,35.1608
142.027,35.1513
142.052,35.1417
142.077,35.1321
142.102,35.1225
142.128,35.1129
142.153,35.1033
142.178,35.0937
142.204,35.084
142.229,35.0744
142.254,35.0647
142.279,35.0551
142.305,35.0454
142.33,35.0358
142.355,35.0261
142.38,35.0164
142.405,35.0067
142.431,34.997
142.456,34.9873
142.481,34.9776
142.506,34.9679
142.532,34.9581
142.557,34.9484
142.582,34.9386
142.607,34.9289
142.632,34.9191
142.658,34.9093
142.683,34.8996
142.708,34.8898
142.733,34.88
142.758,34.8702
142.783,34.8604
142.809,34.8505
142.834,34.8407
142.859,34.8309
142.884,34.821
142.909,34.8112
142.934,34.8013
142.959,34.7914
142.985,34.7816
143.01,34.7717
143.035,34.7618
143.06,34.7519
143.085,34.742
143.11,34.732
143.135,34.7221
143.16,34.7122
143.185,34.7022
143.21,34.6923
143.236,34.6823
143.261,34.6724
143.286,34.6624
143.311,34.6524
143.336,34.6424
143.361,34.6324
143.386,34.6224
143.411,34.6124
143.436,34.6024
143.461,34.5924
143.486,34.5823
143.511,34.5723
143.536,34.5622
143.561,34.5522
143.586,34.5421
143.611,34.532
143.636,34.5219
143.661,34.5118
143.686,34.5017
143.711,34.4916
143.736,34.4815
143.761,34.4714
143.786,34.4612
143.811,34.4511
143.836,34.441
143.861,34.4308
143.886,34.4206
143.911,34.4105
143.936,34.4003
143.961,34.3901
143.986,34.3799
144.011,34.3697
144.036,34.3595
144.061,34.3492
144.086,34.339
144.11,34.3288
144.135,34.3185
144.16,34.3083
144.185,34.298
144.21,34.2878
144.235,34.2775
144.26,34.2672
144.285,34.2569
144.31,34.2466
144.335,34.2363
144.359,34.226
144.384,34.2156
144.409,34.2053
144.434,34.195
144.459,34.1846
144.484,34.1743
144.509,34.1639
144.533,34.1535
144.558,34.1432
144.583,34.1328
144.608,34.1224
144.633,34.112
144.658,34.1015
144.682,34.0911
144.707,34.0807
144.732,34.0703
144.757,34.0598
144.782,34.0494
144.807,34.0389
144.831,34.0284
144.856,34.018
144.881,34.0075
144.906,33.997
144.93,33.9865
144.955,33.976
144.98,33.9655
145.005,33.9549
145.029,33.9444
145.054,33.9339
145.079,33.9233
145.104,33.9128
145.128,33.9022
145.153,33.8916
145.178,33.8811
145.203,33.8705
145.227,33.8599
145.252,33.8493
145.277,33.8387
145.302,33.8281
145.326,33.8174
145.351,33.8068
145.376,33.7962
145.4,33.7855
145.425,33.7748
145.45,33.7642
145.474,33.7535
145.499,33.7428
145.524,33.7321
145.548,33.7214
145.573,33.7107
145.598,33.7
145.622,33.6893
145.647,33.6786
145.672,33.6678
145.696,33.6571
145.721,33.6463
145.746,33.6356
145.77,33.6248
145.795,33.614
145.819,33.6033
145.844,33.5925
145.869,33.5817
145.893,33.5709
145.918,33.56
145.942,33.5492
145.967,33.5384
145.992,33.5276
146.016,33.5167
146.041,33.5059
146.065,33.495
146.09,33.4841
146.114,33.4732
146.139,33.4624
146.164,33.4515
146.188,33.4406
146.213,33.4297
146.237,33.4187
146.262,33.4078
146.286,33.3969
146.311,33.3859
146.335,33.375
146.36,33.364
146.384,33.3531
146.409,33.3421
146.433,33.3311
146.458,33.3201
146.482,33.3091
146.507,33.2981
146.531,33.2871
146.556,33.2761
146.58,33.2651
146.605,33.254
146.629,33.243
146.654,33.2319
146.678,33.2209
146.703,33.2098
146.727,33.1987
146.752,33.1877
146.776,33.1766
146.8,33.1655
146.825,33.1544
146.849,33.1433
146.874,33.1321
146.898,33.121
146.923,33.1099
146.947,33.0987
146.971,33.0876
146.996,33.0764
147.02,33.0653
147.045,33.0541
147.069,33.0429
147.093,33.0317
147.118,33.0205
147.142,33.0093
147.167,32.9981
147.191,32.9869
147.215,32.9756
147.24,32.9644
147.264,32.9532
147.288,32.9419
147.313,32.9306
147.337,32.9194
147.361,32.9081
147.386,32.8968
147.41,32.8855
147.434,32.8742
147.459,32.8629
147.483,32.8516
147.507,32.8403
147.532,32.8289
147.556,32.8176
147.58,32.8063
147.605,32.7949
147.629,32.7835
147.653,32.7722
147.677,32.7608
147.702,32.7494
147.726,32.738
147.75,32.7266
147.775,32.7152
147.799,32.7038
147.823,32.6924
147.847,32.6809
147.872,32.6695
147.896,32.658
147.92,32.6466
147.944,32.6351
147.968,32.6237
147.993,32.6122
148.017,32.6007
148.041,32.5892
148.065,32.5777
148.09,32.5662
148.114,32.5547
148.138,32.5431
148.162,32.5316
148.186,32.5201
148.211,32.5085
148.235,32.497
148.259,32.4854
148.283,32.4738
148.307,32.4623
148.331,32.4507
148.356,32.4391
148.38,32.4275
148.404,32.4159
148.428,32.4042
148.452,32.3926
148.476,32.381
148.5,32.3693
148.525,32.3577
148.549,32.346
148.573,32.3344
148.597,32.3227
148.621,32.311
148.645,32.2993
148.669,32.2876
148.693,32.2759
148.718,32.2642
148.742,32.2525
148.766,32.2408
148.79,32.2291
148.814,32.2173
148.838,32.2056
148.862,32.1938
148.886,32.182
148.91,32.1703
148.934,32.1585
148.958,32.1467
148.982,32.1349
149.006,32.1231
149.03,32.1113
149.054,32.0995
149.078,32.0876
149.103,32.0758
149.127,32.064
149.151,32.0521
149.175,32.0403
149.199,32.0284
149.223,32.0165
149.247,32.0047
149.271,31.9928
149.295,31.9809
149.319,31.969
149.343,31.9571
149.367,31.9451
149.391,31.9332
149.414,31.9213
149.438,31.9093
149.462,31.8974
149.486,31.8854
149.51,31.8735
149.534,31.8615
149.558,31.8495
149.582,31.8375
149.606,31.8255
149.63,31.8135
149.654,31.8015
149.678,31.7895
149.702,31.7775
149.726,31.7655
149.75,31.7534
149.774,31.7414
149.797,31.7293
149.821,31.7172
149.845,31.7052
149.869,31.6931
149.893,31.681
149.917,31.6689
149.941,31.6568
149.965,31.6447
149.989,31.6326
150.012,31.6205
150.036,31.6083
150.06,31.5962
150.084,31.584
150.108,31.5719
150.132,31.5597
150.156,31.5476
150.179,31.5354
150.203,31.5232
150.227,31.511
150.251,31.4988
150.275,31.4866
150.299,31.4744
150.322,31.4621
150.346,31.4499
150.37,31.4377
150.394,31.4254
150.418,31.4132
150.441,31.4009
150.465,31.3886
150.489,31.3764
150.513,31.3641
150.536,31.3518
150.56,31.3395
150.584,31.3272
150.608,31.3149
150.631,31.3025
150.655,31.2902
150.679,31.2779
150.703,31.2655
150.726,31.2532
150.75,31.2408
150.774,31.2284
150.798,31.2161
150.821,31.2037
150.845,31.1913
150.869,31.1789
150.893,31.1665
150.916,31.1541
150.94,31.1417
150.964,31.1292
150.987,31.1168
151.011,31.1043
151.035,31.0919
151.058,31.0794
151.082,31.067
151.106,31.0545
151.129,31.042
151.153,31.0295
151.177,31.017
151.2,31.0045
151.224,30.992
151.248,30.9795
151.271,30.967
151.295,30.9544
151.319,30.9419
151.342,30.9293
151.366,30.9168
151.389,30.9042
151.413,30.8916
151.437,30.8791
151.46,30.8665
151.484,30.8539
151.507,30.8413
151.531,30.8287
151.555,30.816
151.578,30.8034
151.602,30.7908
151.625,30.7781
151.649,30.7655
151.673,30.7528
151.696,30.7402
151.72,30.7275
151.743,30.7148
151.767,30.7021
151.79,30.6894
151.814,30.6767
151.837,30.664
151.861,30.6513
151.885,30.6386
151.908,30.6259
151.932,30.6131
151.955,30.6004
151.979,30.5876
152.002,30.5749
152.026,30.5621
152.049,30.5493
152.073,30.5365
152.096,30.5237
152.12,30.5109
152.143,30.4981
152.167,30.4853
152.19,30.4725
152.214,30.4597
152.237,30.4468
152.26,30.434
152.284,30.4211
152.307,30.4083
152.331,30.3954
152.354,30.3825
152.378,30.3697
152.401,30.3568
152.425,30.3439
152.448,30.331
152.471,30.3181
152.495,30.3051
152.518,30.2922
152.542,30.2793
152.565,30.2663
152.589,30.2534
152.612,30.2404
152.635,30.2275
152.659,30.2145
152.682,30.2015
152.706,30.1885
152.729,30.1755
152.752,30.1625
152.776,30.1495
152.799,30.1365
152.822,30.1235
152.846,30.1104
152.869,30.0974
152.892,30.0844
152.916,30.0713
152.939,30.0582
152.962,30.0452
152.986,30.0321
153.009,30.019
153.032,30.0059
153.056,29.9928
153.079,29.9797
153.102,29.9666
153.126,29.9535
153.149,29.9404
153.172,29.9272
153.196,29.9141
153.219,29.9009
153.242,29.8878
153.266,29.8746
153.289,29.8614
153.312,29.8483
153.335,29.8351
153.359,29.8219
153.382,29.8087
153.405,29.7955
153.428,29.7822
153.452,29.769
153.475,29.7558
153.498,29.7425
153.521,29.7293
153.545,29.716
153.568,29.7028
153.591,29.6895
153.614,29.6762
153.638,29.6629
153.661,29.6496
153.684,29.6363
153.707,29.623
153.73,29.6097
153.754,29.5964
153.777,29.5831
153.8,29.5697
153.823,29.5564
153.846,29.543
153.87,29.5297
153.893,29.5163
153.916,29.5029
153.939,29.4896
153.962,29.4762
153.985,29.4628
154.009,29.4494
154.032,29.436
154.055,29.4225
154.078,29.4091
154.101,29.3957
154.124,29.3822
154.147,29.3688
154.17,29.3553
154.194,29.3419
154.217,29.3284
154.24,29.3149
154.263,29.3014
154.286,29.288
154.309,29.2745
154.332,29.2609
154.355,29.2474
154.378,29.2339
154.402,29.2204
154.425,29.2068
154.448,29.1933
154.471,29.1797
154.494,29.1662
154.517,29.1526
154.54,29.139
154.563,29.1255
154.586,29.1119
154.609,29.0983
154.632,29.0847
154.655,29.0711
154.678,29.0574
154.701,29.0438
154.724,29.0302
154.747,29.0166
154.77,29.0029
154.793,28.9892
154.816,28.9756
154.839,28.9619
154.862,28.9482
154.885,28.9346
154.908,28.9209
154.931,28.9072
154.954,28.8935
154.977,28.8797
155,28.866
155.023,28.8523
155.046,28.8386
155.069,28.8248
155.092,28.8111
155.115,28.7973
155.138,28.7835
155.161,28.7698
155.184,28.756
155.207,28.7422
155.23,28.7284
155.253,28.7146
155.276,28.7008
155.299,28.687
155.321,28.6732
155.344,28.6593
155.367,28.6455
155.39,28.6316
155.413,28.6178
155.436,28.6039
155.459,28.5901
155.482,28.5762
155.505,28.5623
155.528,28.5484
155.55,28.5345
155.573,28.5206
155.596,28.5067
155.619,28.4928
155.642,28.4789
155.665,28.4649
155.688,28.451
155.71,28.437
155.733,28.4231
155.756,28.4091
155.779,28.3951
155.802,28.3812
155.825,28.3672
155.848,28.3532
155.87,28.3392
155.893,28.3252
155.916,28.3112
155.939,28.2971
155.962,28.2831
155.984,28.2691
156.007,28.255
156.03,28.241
156.053,28.2269
156.076,28.2129
156.098,28.1988
156.121,28.1847
156.144,28.1706
156.167,28.1565
156.189,28.1424
156.212,28.1283
156.235,28.1142
156.258,28.1001
156.28,28.086
156.303,28.0718
156.326,28.0577
156.349,28.0435
156.371,28.0294
156.394,28.0152
156.417,28.001
156.44,27.9868
156.462,27.9726
156.485,27.9585
156.508,27.9442
156.53,27.93
156.553,27.9158
156.576,27.9016
156.598,27.8874
156.621,27.8731
156.644,27.8589
156.667,27.8446
156.689,27.8304
156.712,27.8161
156.735,27.8018
156.757,27.7875
156.78,27.7732
156.803,27.7589
156.825,27.7446
156.848,27.7303
156.87,27.716
156.893,27.7017
156.916,27.6873
156.938,27.673
156.961,27.6587
156.984,27.6443
157.006,27.6299
157.029,27.6156
157.051,27.6012
157.074,27.5868
157.097,27.5724
157.119,27.558
157.142,27.5436
157.164,27.5292
157.187,27.5148
157.21,27.5003
157.232,27.4859
157.255,27.4715
157.277,27.457
157.3,27.4426
157.322,27.4281
157.345,27.4136
157.368,27.3991
157.39,27.3847
157.413,27.3702
157.435,27.3557
157.458,27.3412
157.48,27.3266
157.503,27.3121
157.525,27.2976
157.548,27.2831
157.57,27.2685
157.593,27.254
157.615,27.2394
157.638,27.2248
157.66,27.2103
157.683,27.1957
157.705,27.1811
157.728,27.1665
157.75,27.1519
157.773,27.1373
157.795,27.1227
157.818,27.1081
157.84,27.0934
157.863,27.0788
157.885,27.0642
157.908,27.0495
157.93,27.0348
157.953,27.0202
157.975,27.0055
157.997,26.9908
158.02,26.9761
158.042,26.9614
158.065,26.9467
158.087,26.932
158.11,26.9173
158.132,26.9026
158.154,26.8879
158.177,26.8731
158.199,26.8584
158.222,26.8436
158.244,26.8289
158.266,26.8141
158.289,26.7993
158.311,26.7846
158.334,26.7698
158.356,26.755
158.378,26.7402
158.401,26.7254
158.423,26.7105
158.445,26.6957
158.468,26.6809
158.49,26.6661
158.513,26.6512
158.535,26.6364
158.557,26.6215
158.58,26.6066
158.602,26.5918
158.624,26.5769
158.647,26.562
158.669,26.5471
158.691,26.5322
158.713,26.5173
158.736,26.5024
158.758,26.4874
158.78,26.4725
158.803,26.4576
158.825,26.4426
158.847,26.4277
158.87,26.4127
158.892,26.3978
158.914,26.3828
158.936,26.3678
158.959,26.3528
158.981,26.3378
159.003,26.3228
159.025,26.3078
159.048,26.2928
159.07,26.2778
159.092,26.2627
159.114,26.2477
159.137,26.2327
159.159,26.2176
159.181,26.2026
159.203,26.1875
159.226,26.1724
159.248,26.1573
159.27,26.1423
159.292,26.1272
159.314,26.1121
159.337,26.0969
159.359,26.0818
159.381,26.0667
159.403,26.0516
159.425,26.0364
159.448,26.0213
159.47,26.0062
159.492,25.991
159.514,25.9758
159.536,25.9607
159.558,25.9455
159.581,25.9303
159.603,25.9151
159.625,25.8999
159.647,25.8847
159.669,25.8695
159.691,25.8543
159.713,25.839
159.736,25.8238
159.758,25.8085
159.78,25.7933
159.802,25.778
159.824,25.7628
159.846,25.7475
159.868,25.7322
159.89,25.7169
159.912,25.7017
159.935,25.6864
159.957,25.671
159.979,25.6557
160.001,25.6404
160.023,25.6251
160.045,25.6098
160.067,25.5944
160.089,25.5791
160.111,25.5637
160.133,25.5483
160.155,25.533
160.177,25.5176
160.199,25.5022
160.221,25.4868
160.243,25.4714
160.266,25.456
160.288,25.4406
160.31,25.4252
160.332,25.4098
160.354,25.3943
160.376,25.3789
160.398,25.3634
160.42,25.348
160.442,25.3325
160.464,25.3171
160.486,25.3016
160.508,25.2861
160.53,25.2706
160.552,25.2551
160.574,25.2396
160.596,25.2241
160.618,25.2086
160.64,25.1931
160.661,25.1775
160.683,25.162
160.705,25.1464
160.727,25.1309
160.749,25.1153
160.771,25.0998
160.793,25.0842
160.815,25.0686
160.837,25.053
160.859,25.0374
160.881,25.0218
160.903,25.0062
160.925,24.9906
160.947,24.975
160.969,24.9594
160.99,24.9437
161.012,24.9281
161.034,24.9124
161.056,24.8968
161.078,24.8811
161.1,24.8654
161.122,24.8497
161.144,24.8341
161.166,24.8184
161.187,24.8027
161.209,24.787
161.231,24.7713
161.253,24.7555
161.275,24.7398
161.297,24.7241
161.319,24.7083
161.34,24.6926
161.362,24.6768
161.384,24.6611
161.406,24.6453
161.428,24.6295
161.45,24.6137
161.471,24.5979
161.493,24.5821
161.515,24.5663
161.537,24.5505
161.559,24.5347
161.58,24.5189
161.602,24.5031
161.624,24.4872
161.646,24.4714
161.668,24.4555
161.689,24.4397
161.711,24.4238
161.733,24.4079
161.755,24.392
161.776,24.3762
161.798,24.3603
161.82,24.3444
161.842,24.3284
161.863,24.3125
161.885,24.2966
161.907,24.2807
161.929,24.2647
161.95,24.2488
161.972,24.2329
161.994,24.2169
162.016,24.2009
162.037,24.185
162.059,24.169
162.081,24.153
162.102,24.137
162.124,24.121
162.146,24.105
162.168,24.089
162.189,24.073
162.211,24.0569
162.233,24.0409
162.254,24.0249
162.276,24.0088
162.298,23.9928
162.319,23.9767
162.341,23.9606
162.363,23.9446
162.384,23.9285
162.406,23.9124
162.428,23.8963
162.449,23.8802
162.471,23.8641
162.493,23.848
162.514,23.8319
162.536,23.8157
162.557,23.7996
162.579,23.7834
162.601,23.7673
162.622,23.7511
162.644,23.735
162.665,23.7188
162.687,23.7026
162.709,23.6864
162.73,23.6702
162.752,23.654
162.773,23.6378
162.795,23.6216
162.817,23.6054
162.838,23.5892
162.86,23.573
162.881,23.5567
162.903,23.5405
162.924,23.5242
162.946,23.508
162.968,23.4917
162.989,23.4754
163.011,23.4591
163.032,23.4428
163.054,23.4265
163.075,23.4102
163.097,23.3939
163.118,23.3776
163.14,23.3613
163.161,23.345
163.183,23.3286
163.204,23.3123
163.226,23.2959
163.247,23.2796
163.269,23.2632
163.29,23.2468
163.312,23.2305
163.333,23.2141
163.355,23.1977
163.376,23.1813
163.398,23.1649
163.419,23.1485
163.441,23.1321
163.462,23.1156
163.484,23.0992
163.505,23.0828
163.526,23.0663
163.548,23.0499
163.569,23.0334
163.591,23.0169
163.612,23.0005
163.634,22.984
163.655,22.9675
163.676,22.951
163.698,22.9345
163.719,22.918
163.741,22.9015
163.762,22.885
163.784,22.8684
163.805,22.8519
163.826,22.8354
163.848,22.8188
163.869,22.8023
163.89,22.7857
163.912,22.7691
163.933,22.7526
163.955,22.736
163.976,22.7194
163.997,22.7028
164.019,22.6862
164.04,22.6696
164.061,22.653
164.083,22.6363
164.104,22.6197
164.125,22.6031
164.147,22.5864
164.168,22.5698
164.189,22.5531
164.211,22.5365
164.232,22.5198
164.253,22.5031
164.275,22.4864
164.296,22.4697
164.317,22.453
164.339,22.4363
164.36,22.4196
164.381,22.4029
164.403,22.3862
164.424,22.3694
164.445,22.3527
164.466,22.336
164.488,22.3192
164.509,22.3025
164.53,22.2857
164.551,22.2689
164.573,22.2521
164.594,22.2353
164.615,22.2186
164.637,22.2018
164.658,22.1849
164.679,22.1681
164.7,22.1513
164.721,22.1345
164.743,22.1177
164.764,22.1008
164.785,22.084
164.806,22.0671
164.828,22.0503
164.849,22.0334
164.87,22.0165
164.891,21.9996
164.912,21.9827
164.934,21.9659
164.955,21.949
164.976,21.932
164.997,21.9151
165.018,21.8982
165.04,21.8813
165.061,21.8643
165.082,21.8474
165.103,21.8305
165.124,21.8135
165.145,21.7965
165.166,21.7796
165.188,21.7626
165.209,21.7456
165.23,21.7286
165.251,21.7116
165.272,21.6946
165.293,21.6776
165.314,21.6606
165.336,21.6436
165.357,21.6266
165.378,21.6095
165.399,21.5925
165.42,21.5754
165.441,21.5584
165.462,21.5413
165.483,21.5242
165.504,21.5072
165.526,21.4901
165.547,21.473
165.568,21.4559
165.589,21.4388
165.61,21.4217
165.631,21.4046
165.652,21.3875
165.673,21.3703
165.694,21.3532
165.715,21.336
165.736,21.3189
165.757,21.3017
165.778,21.2846
165.799,21.2674
165.82,21.2502
165.841,21.233
165.862,21.2159
165.883,21.1987
165.904,21.1815
165.925,21.1642
165.946,21.147
165.967,21.1298
165.988,21.1126
166.009,21.0953
166.03,21.0781
166.051,21.0608
166.072,21.0436
166.093,21.0263
166.114,21.0091
166.135,20.9918
166.156,20.9745
166.177,20.9572
166.198,20.9399
166.219,20.9226
166.24,20.9053
166.261,20.888
166.282,20.8707
166.303,20.8533
166.324,20.836
166.345,20.8187
166.366,20.8013
166.387,20.7839
166.408,20.7666
166.429,20.7492
166.45,20.7318
166.471,20.7145
166.491,20.6971
166.512,20.6797
166.533,20.6623
166.554,20.6449
166.575,20.6274
166.596,20.61
166.617,20.5926
166.638,20.5751
166.659,20.5577
166.68,20.5403
166.7,20.5228
166.721,20.5053
166.742,20.4879
166.763,20.4704
166.784,20.4529
166.805,20.4354
166.826,20.4179
166.846,20.4004
166.867,20.3829
166.888,20.3654
166.909,20.3479
166.93,20.3303
166.951,20.3128
166.971,20.2953
166.992,20.2777
167.013,20.2602
167.034,20.2426
167.055,20.225
167.076,20.2075
167.096,20.1899
167.117,20.1723
167.138,20.1547
167.159,20.1371
167.179,20.1195
167.2,20.1019
167.221,20.0842
167.242,20.0666
167.263,20.049
167.283,20.0313
167.304,20.0137
167.325,19.996
167.346,19.9784
167.366,19.9607
167.387,19.943
167.408,19.9254
167.429,19.9077
167.449,19.89
167.47,19.8723
167.491,19.8546
167.512,19.8369
167.532,19.8191
167.553,19.8014
167.574,19.7837
167.594,19.7659
167.615,19.7482
167.636,19.7304
167.657,19.7127
167.677,19.6949
167.698,19.6771
167.719,19.6594
167.739,19.6416
167.76,19.6238
167.781,19.606
167.801,19.5882
167.822,19.5704
167.843,19.5525
167.863,19.5347
167.884,19.5169
167.905,19.499
167.925,19.4812
167.946,19.4633
167.967,19.4455
167.987,19.4276
168.008,19.4098
168.029,19.3919
168.049,19.374
168.07,19.3561
168.09,19.3382
168.111,19.3203
168.132,19.3024
168.152,19.2845
168.173,19.2665
168.194,19.2486
168.214,19.2307
168.235,19.2127
168.255,19.1948
168.276,19.1768
168.296,19.1589
168.317,19.1409
168.338,19.1229
168.358,19.1049
168.379,19.087
168.399,19.069
168.42,19.051
168.44,19.0329
168.461,19.0149
168.482,18.9969
168.502,18.9789
168.523,18.9608
168.543,18.9428
168.564,18.9248
168.584,18.9067
168.605,18.8886
168.625,18.8706
168.646,18.8525
168.666,18.8344
168.687,18.8163
168.707,18.7982
168.728,18.7801
168.748,18.762
168.769,18.7439
168.789,18.7258
168.81,18.7077
168.83,18.6895
168.851,18.6714
168.871,18.6533
168.892,18.6351
168.912,18.617
168.933,18.5988
168.953,18.5806
168.974,18.5624
168.994,18.5443
169.015,18.5261
169.035,18.5079
169.056,18.4897
169.076,18.4715
169.096,18.4532
169.117,18.435
169.137,18.4168
169.158,18.3986
169.178,18.3803
169.199,18.3621
169.219,18.3438
169.239,18.3255
169.26,18.3073
169.28,18.289
169.301,18.2707
169.321,18.2524
169.341,18.2341
169.362,18.2158
169.382,18.1975
169.403,18.1792
169.423,18.1609
169.443,18.1426
169.464,18.1242
169.484,18.1059
169.504,18.0876
169.525,18.0692
169.545,18.0508
169.565,18.0325
169.586,18.0141
169.606,17.9957
169.627,17.9773
169.647,17.959
169.667,17.9406
169.688,17.9222
169.708,17.9037
169.728,17.8853
169.748,17.8669
169.769,17.8485
169.789,17.83
169.809,17.8116
169.83,17.7931
169.85,17.7747
169.87,17.7562
169.891,17.7378
169.911,17.7193
169.931,17.7008
169.951,17.6823
169.972,17.6638
169.992,17.6453
170.012,17.6268
170.033,17.6083
170.053,17.5898
170.073,17.5713
170.093,17.5527
170.114,17.5342
170.134,17.5156
170.154,17.4971
170.174,17.4785
170.195,17.46
170.215,17.4414
170.235,17.4228
170.255,17.4042
170.276,17.3857
170.296,17.3671
170.316,17.3485
170.336,17.3298
170.356,17.3112
170.377,17.2926
170.397,17.274
170.417,17.2553
170.437,17.2367
170.457,17.2181
170.478,17.1994
170.498,17.1807
170.518,17.1621
170.538,17.1434
170.558,17.1247
170.578,17.106
170.599,17.0873
170.619,17.0686
170.639,17.0499
170.659,17.0312
170.679,17.0125
170.699,16.9938
170.72,16.9751
170.74,16.9563
170.76,16.9376
170.78,16.9188
170.8,16.9001
170.82,16.8813
170.84,16.8625
170.86,16.8438
170.881,16.825
170.901,16.8062
170.921,16.7874
170.941,16.7686
170.961,16.7498
170.981,16.731
171.001,16.7122
171.021,16.6933
171.041,16.6745
171.061,16.6557
171.081,16.6368
171.102,16.618
171.122,16.5991
171.142,16.5803
171.162,16.5614
171.182,16.5425
171.202,16.5236
171.222,16.5047
171.242,16.4858
171.262,16.4669
171.282,16.448
171.302,16.4291
171.322,16.4102
171.342,16.3913
171.362,16.3723
171.382,16.3534
171.402,16.3345
171.422,16.3155
171.442,16.2966
171.462,16.2776
171.482,16.2586
171.502,16.2396
171.522,16.2207
171.542,16.2017
171.562,16.1827
171.582,16.1637
171.602,16.1447
171.622,16.1256
171.642,16.1066
171.662,16.0876
171.682,16.0686
171.702,16.0495
171.722,16.0305
171.742,16.0114
171.762,15.9924
171.782,15.9733
171.802,15.9542
171.822,15.9351
171.842,15.9161
171.862,15.897
171.881,15.8779
171.901,15.8588
171.921,15.8397
171.941,15.8205
171.961,15.8014
171.981,15.7823
172.001,15.7632
172.021,15.744
172.041,15.7249
172.061,15.7057
172.081,15.6866
172.1,15.6674
172.12,15.6482
172.14,15.629
172.16,15.6099
172.18,15.5907
172.2,15.5715
172.22,15.5523
172.24,15.533
172.259,15.5138
172.279,15.4946
172.299,15.4754
172.319,15.4561
172.339,15.4369
172.359,15.4177
172.379,15.3984
172.398,15.3791
172.418,15.3599
172.438,15.3406
172.458,15.3213
172.478,15.302
172.497,15.2828
172.517,15.2635
172.537,15.2441
172.557,15.2248
172.577,15.2055
172.596,15.1862
172.616,15.1669
172.636,15.1475
172.656,15.1282
172.676,15.1088
172.695,15.0895
172.715,15.0701
172.735,15.0508
172.755,15.0314
172.774,15.012
172.794,14.9926
172.814,14.9732
172.834,14.9538
172.854,14.9344
172.873,14.915
172.893,14.8956
172.913,14.8762
172.932,14.8568
172.952,14.8373
172.972,14.8179
172.992,14.7984
173.011,14.779
173.031,14.7595
173.051,14.7401
173.071,14.7206
173.09,14.7011
173.11,14.6816
173.13,14.6621
173.149,14.6426
173.169,14.6231
173.189,14.6036
173.208,14.5841
173.228,14.5646
173.248,14.5451
173.267,14.5255
173.287,14.506
173.307,14.4864
173.326,14.4669
173.346,14.4473
173.366,14.4278
173.385,14.4082
173.405,14.3886
173.425,14.369
173.444,14.3495
173.464,14.3299
173.484,14.3103
173.503,14.2906
173.523,14.271
173.542,14.2514
173.562,14.2318
173.582,14.2122
173.601,14.1925
173.621,14.1729
173.641,14.1532
173.66,14.1336
173.68,14.1139
173.699,14.0942
173.719,14.0746
173.738,14.0549
173.758,14.0352
173.778,14.0155
173.797,13.9958
173.817,13.9761
173.836,13.9564
173.856,13.9367
173.875,13.9169
173.895,13.8972
173.915,13.8775
173.934,13.8577
173.954,13.838
173.973,13.8182
173.993,13.7984
174.012,13.7787
174.032,13.7589
174.051,13.7391
174.071,13.7193
174.09,13.6995
174.11,13.6797
174.129,13.6599
174.149,13.6401
174.168,13.6203
174.188,13.6005
174.207,13.5807
174.227,13.5608
174.246,13.541
174.266,13.5211
174.285,13.5013
174.305,13.4814
174.324,13.4616
174.344,13.4417
174.363,13.4218
174.383,13.4019
174.402,13.382
174.422,13.3621
174.441,13.3422
174.461,13.3223
174.48,13.3024
174.5,13.2825
174.519,13.2626
174.538,13.2426
174.558,13.2227
174.577,13.2027
174.597,13.1828
174.616,13.1628
174.636,13.1429
174.655,13.1229
174.674,13.1029
174.694,13.0829
174.713,13.063
174.733,13.043
174.752,13.023
174.771,13.003
174.791,12.9829
174.81,12.9629
174.83,12.9429
174.849,12.9229
174.868,12.9028
174.888,12.8828
174.907,12.8627
174.926,12.8427
174.946,12.8226
174.965,12.8026
174.984,12.7825
175.004,12.7624
175.023,12.7423
175.043,12.7222
175.062,12.7021
175.081,12.682
175.101,12.6619
175.12,12.6418
175.139,12.6217
175.159,12.6016
175.178,12.5814
175.197,12.5613
175.216,12.5411
175.236,12.521
175.255,12.5008
175.274,12.4807
175.294,12.4605
175.313,12.4403
175.332,12.4201
175.352,12.3999
175.371,12.3797
175.39,12.3595
175.409,12.3393
175.429,12.3191
175.448,12.2989
175.467,12.2787
175.486,12.2585
175.506,12.2382
175.525,12.218
175.544,12.1977
175.563,12.1775
175.583,12.1572
175.602,12.1369
175.621,12.1167
175.64,12.0964
175.66,12.0761
175.679,12.0558
175.698,12.0355
175.717,12.0152
175.737,11.9949
175.756,11.9746
175.775,11.9543
175.794,11.934
175.813,11.9136
175.833,11.8933
175.852,11.8729
175.871,11.8526
175.89,11.8322
175.909,11.8119
175.928,11.7915
175.948,11.7711
175.967,11.7507
175.986,11.7304
176.005,11.71
176.024,11.6896
176.043,11.6692
176.063,11.6487
176.082,11.6283
176.101,11.6079
176.12,11.5875
176.139,11.567
176.158,11.5466
176.177,11.5262
176.197,11.5057
176.216,11.4852
176.235,11.4648
176.254,11.4443
176.273,11.4238
176.292,11.4033
176.311,11.3829
176.33,11.3624
176.35,11.3419
176.369,11.3214
176.388,11.3008
176.407,11.2803
176.426,11.2598
176.445,11.2393
176.464,11.2187
176.483,11.1982
176.502,11.1776
176.521,11.1571
176.54,11.1365
176.559,11.116
176.578,11.0954
176.598,11.0748
176.617,11.0542
176.636,11.0336
176.655,11.013
176.674,10.9924
176.693,10.9718
176.712,10.9512
176.731,10.9306
176.75,10.91
176.769,10.8893
176.788,10.8687
176.807,10.8481
176.826,10.8274
176.845,10.8068
176.864,10.7861
176.883,10.7654
176.902,10.7448
176.921,10.7241
176.94,10.7034
176.959,10.6827
176.978,10.662
176.997,10.6413
177.016,10.6206
177.035,10.5999
177.054,10.5792
177.073,10.5584
177.092,10.5377
177.111,10.517
177.13,10.4962
177.149,10.4755
177.167,10.4547
177.186,10.4339
177.205,10.4132
177.224,10.3924
177.243,10.3716
177.262,10.3508
177.281,10.33
177.3,10.3093
177.319,10.2884
177.338,10.2676
177.357,10.2468
177.376,10.226
177.395,10.2052
177.413,10.1843
177.432,10.1635
177.451,10.1427
177.47,10.1218
177.489,10.101
177.508,10.0801
177.527,10.0592
177.546,10.0383
177.565,10.0175
177.583,9.99658
177.602,9.97569
177.621,9.95479
177.64,9.93389
177.659,9.91298
177.678,9.89206
177.697,9.87114
177.715,9.85022
177.734,9.82928
177.753,9.80834
177.772,9.7874
177.791,9.76645
177.81,9.74549
177.828,9.72453
177.847,9.70356
177.866,9.68259
177.885,9.66161
177.904,9.64062
177.922,9.61963
177.941,9.59864
177.96,9.57763
177.979,9.55662
177.998,9.53561
178.016,9.51459
178.035,9.49356
178.054,9.47253
178.073,9.45149
178.092,9.43045
178.11,9.4094
178.129,9.38834
178.148,9.36728
178.167,9.34621
178.185,9.32514
178.204,9.30406
178.223,9.28297
178.242,9.26188
178.26,9.24079
178.279,9.21968
178.298,9.19858
178.317,9.17746
178.335,9.15634
178.354,9.13522
178.373,9.11408
178.392,9.09295
178.41,9.0718
178.429,9.05066
178.448,9.0295
178.466,9.00834
178.485,8.98717
178.504,8.966
178.522,8.94482
178.541,8.92364
178.56,8.90245
178.578,8.88125
178.597,8.86005
178.616,8.83884
178.635,8.81763
178.653,8.79641
178.672,8.77519
178.691,8.75396
178.709,8.73272
178.728,8.71148
178.746,8.69023
178.765,8.66898
178.784,8.64772
178.802,8.62645
178.821,8.60518
178.84,8.58391
178.858,8.56262
178.877,8.54134
178.896,8.52004
178.914,8.49874
178.933,8.47744
178.951,8.45612
178.97,8.43481
178.989,8.41348
179.007,8.39215
179.026,8.37082
179.044,8.34948
179.063,8.32813
179.082,8.30678
179.1,8.28542
179.119,8.26406
179.137,8.24269
179.156,8.22132
179.174,8.19994
179.193,8.17855
179.212,8.15716
179.23,8.13576
179.249,8.11436
179.267,8.09295
179.286,8.07153
179.304,8.05011
179.323,8.02868
179.341,8.00725
179.36,7.98581
179.379,7.96437
179.397,7.94292
179.416,7.92146
179.434,7.9
179.453,7.87853
179.471,7.85706
179.49,7.83558
179.508,7.8141
179.527,7.79261
179.545,7.77111
179.564,7.74961
179.582,7.7281
179.601,7.70659
179.619,7.68507
179.638,7.66355
179.656,7.64202
179.675,7.62048
179.693,7.59894
179.711,7.57739
179.73,7.55584
179.748,7.53428
179.767,7.51272
179.785,7.49115
179.804,7.46957
179.822,7.44799
179.841,7.4264
179.859,7.40481
179.878,7.38321
179.896,7.36161
179.914,7.34
179.933,7.31838
179.951,7.29676
179.97,7.27513
179.988,7.2535
180.007,7.23186
180.025,7.21021
180.043,7.18856
180.062,7.16691
180.08,7.14525
180.099,7.12358
180.117,7.10191
180.135,7.08023
180.154,7.05854
180.172,7.03685
180.19,7.01516
180.209,6.99346
180.227,6.97175
180.246,6.95004
180.264,6.92832
180.282,6.90659
180.301,6.88487
180.319,6.86313
180.337,6.84139
180.356,6.81964
180.374,6.79789
180.392,6.77613
180.411,6.75437
180.429,6.7326
180.447,6.71082
180.466,6.68904
180.484,6.66726
180.502,6.64546
180.521,6.62367
180.539,6.60186
180.557,6.58005
180.576,6.55824
180.594,6.53642
180.612,6.51459
180.63,6.49276
180.649,6.47092
180.667,6.44908
180.685,6.42723
180.704,6.40538
180.722,6.38352
180.74,6.36165
180.758,6.33978
180.777,6.3179
180.795,6.29602
180.813,6.27413
180.831,6.25224
180.85,6.23034
180.868,6.20843
180.886,6.18652
180.904,6.1646
180.923,6.14268
180.941,6.12076
180.959,6.09882
180.977,6.07688
180.996,6.05494
181.014,6.03299
181.032,6.01103
181.05,5.98907
181.068,5.9671
181.087,5.94513
181.105,5.92315
181.123,5.90117
181.141,5.87918
181.16,5.85718
181.178,5.83518
181.196,5.81318
181.214,5.79116
181.232,5.76915
181.25,5.74712
181.269,5.72509
181.287,5.70306
181.305,5.68102
181.323,5.65897
181.341,5.63692
181.359,5.61487
181.378,5.5928
181.396,5.57074
181.414,5.54866
181.432,5.52658
181.45,5.5045
181.468,5.48241
181.486,5.46031
181.505,5.43821
181.523,5.4161
181.541,5.39399
181.559,5.37187
181.577,5.34975
181.595,5.32762
181.613,5.30548
181.631,5.28334
181.649,5.2612
181.668,5.23904
181.686,5.21689
181.704,5.19472
181.722,5.17255
181.74,5.15038
181.758,5.1282
181.776,5.10602
181.794,5.08382
181.812,5.06163
181.83,5.03943
181.848,5.01722
181.866,4.99501
181.884,4.97279
181.902,4.95056
181.921,4.92833
181.939,4.9061
181.957,4.88386
181.975,4.86161
181.993,4.83936
182.011,4.8171
182.029,4.79484
182.047,4.77257
182.065,4.75029
182.083,4.72801
182.101,4.70573
182.119,4.68344
182.137,4.66114
182.155,4.63884
182.173,4.61653
182.191,4.59422
182.209,4.5719
182.227,4.54958
182.245,4.52725
182.263,4.50491
182.281,4.48257
182.299,4.46022
182.317,4.43787
182.335,4.41552
182.353,4.39315
182.371,4.37078
182.389,4.34841
182.407,4.32603
182.424,4.30365
182.442,4.28126
182.46,4.25886
182.478,4.23646
182.496,4.21405
182.514,4.19164
182.532,4.16922
182.55,4.1468
182.568,4.12437
182.586,4.10193
182.604,4.07949
182.622,4.05705
182.64,4.0346
182.658,4.01214
182.675,3.98968
182.693,3.96721
182.711,3.94474
182.729,3.92226
182.747,3.89978
182.765,3.87729
182.783,3.85479
182.801,3.83229
182.819,3.80979
182.836,3.78727
182.854,3.76476
182.872,3.74223
182.89,3.71971
182.908,3.69717
182.926,3.67463
182.944,3.65209
182.961,3.62954
182.979,3.60699
182.997,3.58442
183.015,3.56186
183.033,3.53929
183.051,3.51671
183.068,3.49413
183.086,3.47154
183.104,3.44895
183.122,3.42635
183.14,3.40374
183.158,3.38113
183.175,3.35852
183.193,3.3359
183.211,3.31327
183.229,3.29064
183.247,3.268
183.264,3.24536
183.282,3.22271
183.3,3.20006
183.318,3.1774
183.336,3.15473
183.353,3.13206
183.371,3.10939
183.389,3.08671
183.407,3.06402
183.424,3.04133
183.442,3.01863
183.46,2.99593
183.478,2.97322
183.495,2.95051
183.513,2.92779
183.531,2.90506
183.549,2.88233
183.566,2.8596
183.584,2.83686
183.602,2.81411
183.62,2.79136
183.637,2.7686
183.655,2.74584
183.673,2.72307
183.69,2.7003
183.708,2.67752
183.726,2.65474
183.743,2.63195
183.761,2.60915
183.779,2.58635
183.797,2.56355
183.814,2.54073
183.832,2.51792
183.85,2.4951
183.867,2.47227
183.885,2.44944
183.903,2.4266
183.92,2.40375
183.938,2.38091
183.956,2.35805
183.973,2.33519
183.991,2.31233
184.009,2.28946
184.026,2.26658
184.044,2.2437
184.061,2.22081
184.079,2.19792
184.097,2.17502
184.114,2.15212
184.132,2.12921
184.15,2.1063
184.167,2.08338
184.185,2.06045
184.202,2.03752
184.22,2.01459
184.238,1.99165
184.255,1.9687
184.273,1.94575
184.29,1.92279
184.308,1.89983
184.326,1.87686
184.343,1.85389
184.361,1.83091
184.378,1.80793
184.396,1.78494
184.414,1.76195
184.431,1.73895
184.449,1.71594
184.466,1.69293
184.484,1.66991
184.501,1.64689
184.519,1.62387
184.536,1.60084
184.554,1.5778
184.572,1.55476
184.589,1.53171
184.607,1.50865
184.624,1.4856
184.642,1.46253
184.659,1.43946
184.677,1.41639
184.694,1.39331
184.712,1.37022
184.729,1.34713
184.747,1.32404
184.764,1.30093
184.782,1.27783
184.799,1.25472
184.817,1.2316
184.834,1.20848
184.852,1.18535
184.869,1.16221
184.887,1.13908
184.904,1.11593
184.922,1.09278
184.939,1.06963
184.957,1.04647
184.974,1.0233
184.991,1.00013
185.009,0.976956
185.026,0.953775
185.044,0.930589
185.061,0.907397
185.079,0.8842
185.096,0.860997
185.114,0.837789
185.131,0.814576
185.148,0.791358
185.166,0.768134
185.183,0.744905
185.201,0.721671
185.218,0.698431
185.236,0.675186
185.253,0.651936
185.27,0.62868
185.288,0.605419
185.305,0.582153
185.323,0.558882
185.34,0.535605
185.357,0.512323
185.375,0.489036
185.392,0.465743
185.409,0.442445
185.427,0.419142
185.444,0.395834
185.462,0.37252
185.479,0.349201
185.496,0.325877
185.514,0.302547
185.531,0.279212
185.548,0.255872
185.566,0.232527
185.583,0.209176
185.6,0.18582
185.618,0.162459
185.635,0.139093
185.652,0.115721
185.67,0.0923439
185.687,0.0689617
185.704,0.0455741
185.722,0.0221813
185.739,-0.00121673
