0,0
0.01,0.0023334
0.02,0.00696927
0.03,0.0138461
0.04,0.0228727
0.05,0.0339288
0.06,0.0468672
0.07,0.0615149
0.08,0.0776755
0.09,0.0951312
0.1,0.113646
0.11,0.132968
0.12,0.152832
0.13,0.172964
0.14,0.193083
0.15,0.212905
0.16,0.232147
0.17,0.25053
0.18,0.267781
0.19,0.283638
0.2,0.297853
0.21,0.310194
0.22,0.320449
0.23,0.328426
0.24,0.33396
0.25,0.336912
0.26,0.337169
0.27,0.334649
0.28,0.329302
0.29,0.321106
0.3,0.310074
0.31,0.296248
0.32,0.279704
0.33,0.260547
0.34,0.238911
0.35,0.21496
0.36,0.188882
0.37,0.160892
0.38,0.131224
0.39,0.100133
0.4,0.067891
0.41,0.0347815
0.42,0.00109963
0.43,-0.0328529
0.44,-0.0667707
0.45,-0.100348
0.46,-0.133284
0.47,-0.165282
0.48,-0.196056
0.49,-0.225335
0.5,-0.252862
0.51,-0.278401
0.52,-0.301735
0.53,-0.322675
0.54,-0.341055
0.55,-0.356738
0.56,-0.369617
0.57,-0.379615
0.58,-0.386687
0.59,-0.390819
0.6,-0.392029
0.61,-0.390369
0.62,-0.385918
0.63,-0.378787
0.64,-0.369116
0.65,-0.357069
0.66,-0.342839
0.67,-0.326638
0.68,-0.308698
0.69,-0.28927
0.7,-0.268618
0.71,-0.247017
0.72,-0.224749
0.73,-0.202102
0.74,-0.179363
0.75,-0.156817
0.76,-0.134744
0.77,-0.113415
0.78,-0.0930877
0.79,-0.0740044
0.8,-0.05639
0.81,-0.0404482
0.82,-0.0263594
0.83,-0.0142789
0.84,-0.00433482
0.85,0.00337335
0.86,0.00877576
0.87,0.0118331
0.88,0.0125369
0.89,0.0109098
0.9,0.00700506
0.91,0.00090582
0.92,-0.00727572
0.93,-0.0173998
0.94,-0.0293007
0.95,-0.0427891
0.96,-0.0576538
0.97,-0.0736646
0.98,-0.0905754
0.99,-0.108126
1,-0.126048
1.01,-0.144063
1.02,-0.161892
1.03,-0.179254
1.04,-0.195872
1.05,-0.211476
1.06,-0.225804
1.07,-0.23861
1.08,-0.249661
1.09,-0.258745
1.1,-0.265671
1.11,-0.270271
1.12,-0.272403
1.13,-0.271955
1.14,-0.268842
1.15,-0.263009
1.16,-0.254435
1.17,-0.243126
1.18,-0.229124
1.19,-0.212501
1.2,-0.193357
1.21,-0.171824
1.22,-0.148063
1.23,-0.122259
1.24,-0.0946216
1.25,-0.0653846
1.26,-0.0347993
1.27,-0.00313441
1.28,0.0293279
1.29,0.0622949
1.3,0.0954666
1.31,0.128539
1.32,0.161208
1.33,0.193172
1.34,0.224137
1.35,0.253817
1.36,0.28194
1.37,0.30825
1.38,0.332509
1.39,0.354501
1.4,0.374036
1.41,0.390946
1.42,0.405094
1.43,0.416372
1.44,0.424702
1.45,0.430037
1.46,0.432363
1.47,0.431699
1.48,0.428092
1.49,0.421624
1.5,0.412405
1.51,0.400575
1.52,0.3863
1.53,0.36977
1.54,0.351202
1.55,0.330828
1.56,0.308901
1.57,0.285688
1.58,0.261466
1.59,0.236522
1.6,0.211146
1.61,0.185631
1.62,0.160267
1.63,0.135338
1.64,0.111122
1.65,0.087881
1.66,0.065866
1.67,0.0453077
1.68,0.0264171
1.69,0.00938219
1.7,-0.00563418
1.71,-0.018496
1.72,-0.0290959
1.73,-0.0373558
1.74,-0.0432285
1.75,-0.0466974
1.76,-0.0477773
1.77,-0.0465135
1.78,-0.0429817
1.79,-0.0372867
1.8,-0.0295612
1.81,-0.0199643
1.82,-0.00867908
1.83,0.0040892
1.84,0.0181158
1.85,0.0331593
1.86,0.0489644
1.87,0.065265
1.88,0.0817878
1.89,0.0982552
1.9,0.114389
1.91,0.129913
1.92,0.144558
1.93,0.158063
1.94,0.17018
1.95,0.180678
1.96,0.18934
1.97,0.195976
1.98,0.200414
1.99,0.202511
2,0.20215
2.01,0.199242
2.02,0.193731
2.03,0.185588
2.04,0.174819
2.05,0.161458
2.06,0.145574
2.07,0.127262
2.08,0.106651
2.09,0.083894
2.1,0.059174
2.11,0.0326965
2.12,0.00468969
2.13,-0.0245986
2.14,-0.0549036
2.15,-0.0859465
2.16,-0.117438
2.17,-0.149081
2.18,-0.180575
2.19,-0.211617
2.2,-0.241908
2.21,-0.271155
2.22,-0.299075
2.23,-0.325396
2.24,-0.349864
2.25,-0.37224
2.26,-0.39231
2.27,-0.409883
2.28,-0.424792
2.29,-0.436899
2.3,-0.446096
2.31,-0.452304
2.32,-0.455478
2.33,-0.455603
2.34,-0.452695
2.35,-0.446805
2.36,-0.438013
2.37,-0.42643
2.38,-0.412195
2.39,-0.395476
2.4,-0.376466
2.41,-0.355379
2.42,-0.332453
2.43,-0.307941
2.44,-0.282113
2.45,-0.25525
2.46,-0.22764
2.47,-0.19958
2.48,-0.171365
2.49,-0.14329
2.5,-0.115645
2.51,-0.0887122
2.52,-0.0627613
2.53,-0.0380478
2.54,-0.0148095
2.55,0.00673594
2.56,0.0263936
2.57,0.0439934
2.58,0.0593921
2.59,0.072475
2.6,0.0831566
2.61,0.0913823
2.62,0.0971282
2.63,0.100402
2.64,0.101242
2.65,0.0997169
2.66,0.0959253
2.67,0.0899938
2.68,0.0820754
2.69,0.0723481
2.7,0.0610121
2.71,0.0482879
2.72,0.0344131
2.73,0.0196396
2.74,0.00423071
2.75,-0.0115422
2.76,-0.0274032
2.77,-0.0430746
2.78,-0.0582812
2.79,-0.0727527
2.8,-0.0862278
2.81,-0.0984571
2.82,-0.109206
2.83,-0.118257
2.84,-0.125415
2.85,-0.130506
2.86,-0.133382
2.87,-0.133922
2.88,-0.132032
2.89,-0.127651
2.9,-0.120745
2.91,-0.111313
2.92,-0.0993852
2.93,-0.0850229
2.94,-0.0683174
2.95,-0.0493897
2.96,-0.028389
2.97,-0.00549112
2.98,0.0191036
2.99,0.0451724
3,0.0724725
3.01,0.100744
3.02,0.129713
3.03,0.159095
3.04,0.188596
3.05,0.217919
3.06,0.246766
3.07,0.27484
3.08,0.30185
3.09,0.327516
3.1,0.351569
3.11,0.373754
3.12,0.393836
3.13,0.411601
3.14,0.426857
3.15,0.439441
3.16,0.449214
3.17,0.456068
3.18,0.459925
3.19,0.460738
3.2,0.458494
3.21,0.453209
3.22,0.444933
3.23,0.433747
3.24,0.419763
3.25,0.403119
3.26,0.383986
3.27,0.362555
3.28,0.339045
3.29,0.313692
3.3,0.286754
3.31,0.258502
3.32,0.229218
3.33,0.199197
3.34,0.168735
3.35,0.138133
3.36,0.107691
3.37,0.0777024
3.38,0.0484541
3.39,0.0202212
3.4,-0.00673547
3.41,-0.0321722
3.42,-0.0558654
3.43,-0.0776141
3.44,-0.097242
3.45,-0.114599
3.46,-0.129565
3.47,-0.142047
3.48,-0.151984
3.49,-0.159347
3.5,-0.164137
3.51,-0.166385
3.52,-0.166156
3.53,-0.163542
3.54,-0.158665
3.55,-0.151673
3.56,-0.142741
3.57,-0.132064
3.58,-0.119859
3.59,-0.106363
3.6,-0.0918239
3.61,-0.0765042
3.62,-0.0606743
3.63,-0.04461
3.64,-0.0285889
3.65,-0.0128876
3.66,0.0022224
3.67,0.0164775
3.68,0.0296254
3.69,0.0414283
3.7,0.0516656
3.71,0.0601365
3.72,0.066663
3.73,0.0710917
3.74,0.0732955
3.75,0.0731757
3.76,0.0706633
3.77,0.0657191
3.78,0.0583354
3.79,0.0485352
3.8,0.0363728
3.81,0.0219327
3.82,0.00532895
3.83,-0.013296
3.84,-0.0337733
3.85,-0.0559088
3.86,-0.0794863
3.87,-0.104269
3.88,-0.130003
3.89,-0.15642
3.9,-0.18324
3.91,-0.210175
3.92,-0.236931
3.93,-0.263214
3.94,-0.288732
3.95,-0.313198
3.96,-0.336332
3.97,-0.357868
3.98,-0.377555
3.99,-0.395159
4,-0.410467
4.01,-0.423288
4.02,-0.43346
4.03,-0.440844
4.04,-0.445333
4.05,-0.44685
4.06,-0.445347
4.07,-0.440811
4.08,-0.433258
4.09,-0.422739
4.1,-0.409334
4.11,-0.393155
4.12,-0.374341
4.13,-0.353063
4.14,-0.329512
4.15,-0.303908
4.16,-0.27649
4.17,-0.247514
4.18,-0.217255
4.19,-0.185997
4.2,-0.154035
4.21,-0.121671
4.22,-0.0892067
4.23,-0.0569454
4.24,-0.025185
4.25,0.00578438
4.26,0.0356831
4.27,0.064246
4.28,0.0912246
4.29,0.116391
4.3,0.139538
4.31,0.160485
4.32,0.179077
4.33,0.195187
4.34,0.208719
4.35,0.219605
4.36,0.227812
4.37,0.233334
4.38,0.236201
4.39,0.23647
4.4,0.234231
4.41,0.229601
4.42,0.222725
4.43,0.213775
4.44,0.202944
4.45,0.190446
4.46,0.176517
4.47,0.161405
4.48,0.145371
4.49,0.128686
4.5,0.111626
4.51,0.0944716
4.52,0.0775005
4.53,0.0609873
4.54,0.0451987
4.55,0.030391
4.56,0.0168064
4.57,0.00467045
4.58,-0.00581073
4.59,-0.0144532
4.6,-0.0210971
4.61,-0.0256089
4.62,-0.0278831
4.63,-0.027843
4.64,-0.0254425
4.65,-0.0206659
4.66,-0.0135287
4.67,-0.00407731
4.68,0.0076114
4.69,0.0214311
4.7,0.0372469
4.71,0.0548973
4.72,0.0741957
4.73,0.0949325
4.74,0.116878
4.75,0.139784
4.76,0.163389
4.77,0.187418
4.78,0.211588
4.79,0.23561
4.8,0.259196
4.81,0.282056
4.82,0.303906
4.83,0.32447
4.84,0.343485
4.85,0.360702
4.86,0.375887
4.87,0.38883
4.88,0.399342
4.89,0.407258
4.9,0.412444
4.91,0.414789
4.92,0.414218
4.93,0.410683
4.94,0.40417
4.95,0.394694
4.96,0.382306
4.97,0.367085
4.98,0.349142
4.99,0.328618
5,0.30568
5.01,0.280522
5.02,0.253362
5.03,0.22444
5.04,0.194012
5.05,0.162354
5.06,0.12975
5.07,0.0964988
5.08,0.0629009
5.09,0.0292619
5.1,-0.00411361
5.11,-0.0369253
5.12,-0.06888
5.13,-0.0996953
5.14,-0.129103
5.15,-0.15685
5.16,-0.182706
5.17,-0.206461
5.18,-0.227928
5.19,-0.246949
5.2,-0.263394
5.21,-0.277162
5.22,-0.288182
5.23,-0.296415
5.24,-0.301854
5.25,-0.304524
5.26,-0.304479
5.27,-0.301807
5.28,-0.296621
5.29,-0.289065
5.3,-0.279308
5.31,-0.267542
5.32,-0.253983
5.33,-0.238863
5.34,-0.222431
5.35,-0.20495
5.36,-0.186692
5.37,-0.167935
5.38,-0.148962
5.39,-0.130053
5.4,-0.111488
5.41,-0.0935369
5.42,-0.0764609
5.43,-0.0605077
5.44,-0.0459086
5.45,-0.032876
5.46,-0.0216006
5.47,-0.0122492
5.48,-0.00496276
5.49,0.000145457
5.5,0.00299105
5.51,0.00351962
5.52,0.00170744
5.53,-0.00243826
5.54,-0.00887937
5.55,-0.0175473
5.56,-0.0283438
5.57,-0.041142
5.58,-0.0557881
5.59,-0.0721031
5.6,-0.0898846
5.61,-0.10891
5.62,-0.128937
5.63,-0.149711
5.64,-0.170962
5.65,-0.192413
5.66,-0.213781
5.67,-0.234778
5.68,-0.255121
5.69,-0.27453
5.7,-0.29273
5.71,-0.30946
5.72,-0.324474
5.73,-0.337539
5.74,-0.348446
5.75,-0.357006
5.76,-0.363055
5.77,-0.366457
5.78,-0.367104
5.79,-0.364916
5.8,-0.359847
5.81,-0.35188
5.82,-0.34103
5.83,-0.327345
5.84,-0.310904
5.85,-0.291816
5.86,-0.27022
5.87,-0.246283
5.88,-0.220196
5.89,-0.192177
5.9,-0.162464
5.91,-0.131315
5.92,-0.0990011
5.93,-0.0658104
5.94,-0.0320383
5.95,0.0020124
5.96,0.0360361
5.97,0.0697275
5.98,0.102785
5.99,0.134914
6,0.16583
6.01,0.195263
6.02,0.22296
6.03,0.248685
6.04,0.272226
6.05,0.293396
6.06,0.312033
6.07,0.328003
6.08,0.341204
6.09,0.351561
6.1,0.359034
6.11,0.363612
6.12,0.365319
6.13,0.364206
6.14,0.360359
6.15,0.353891
6.16,0.344945
6.17,0.333687
6.18,0.320312
6.19,0.305033
6.2,0.288084
6.21,0.269716
6.22,0.250193
6.23,0.22979
6.24,0.208786
6.25,0.187469
6.26,0.166124
6.27,0.145032
6.28,0.12447
6.29,0.104705
6.3,0.08599
6.31,0.0685628
6.32,0.0526425
6.33,0.0384271
6.34,0.0260909
6.35,0.0157825
6.36,0.00762341
6.37,0.00170617
6.38,-0.00190648
6.39,-0.00318238
6.4,-0.00212029
6.41,0.00125009
6.42,0.0068685
6.43,0.0146449
6.44,0.0244604
6.45,0.036169
6.46,0.0495991
6.47,0.0645555
6.48,0.080822
6.49,0.0981638
6.5,0.11633
6.51,0.135058
6.52,0.154075
6.53,0.173102
6.54,0.191856
6.55,0.210056
6.56,0.227424
6.57,0.24369
6.58,0.258593
6.59,0.271887
6.6,0.283342
6.61,0.292747
6.62,0.299914
6.63,0.304679
6.64,0.306903
6.65,0.306477
6.66,0.30332
6.67,0.297384
6.68,0.288649
6.69,0.277128
6.7,0.262867
6.71,0.245941
6.72,0.226458
6.73,0.204553
6.74,0.18039
6.75,0.154159
6.76,0.126076
6.77,0.0963745
6.78,0.0653112
6.79,0.0331571
6.8,0.000196841
6.81,-0.0332747
6.82,-0.066956
6.83,-0.100542
6.84,-0.133728
6.85,-0.166213
6.86,-0.197702
6.87,-0.22791
6.88,-0.256566
6.89,-0.283417
6.9,-0.308226
6.91,-0.330779
6.92,-0.350888
6.93,-0.36839
6.94,-0.38315
6.95,-0.395062
6.96,-0.404052
6.97,-0.410077
6.98,-0.413126
6.99,-0.41322
7,-0.410412
7.01,-0.404784
7.02,-0.39645
7.03,-0.385552
7.04,-0.372257
7.05,-0.35676
7.06,-0.339276
7.07,-0.32004
7.08,-0.299305
7.09,-0.277336
7.1,-0.254411
7.11,-0.230815
7.12,-0.206837
7.13,-0.182767
7.14,-0.158892
7.15,-0.135494
7.16,-0.112844
7.17,-0.0912033
7.18,-0.0708153
7.19,-0.0519063
7.2,-0.0346816
7.21,-0.0193231
7.22,-0.00598721
7.23,0.00519657
7.24,0.0141275
7.25,0.0207346
7.26,0.0249775
7.27,0.0268466
7.28,0.0263634
7.29,0.0235801
7.3,0.018579
7.31,0.0114712
7.32,0.00239537
7.33,-0.00848379
7.34,-0.0209778
7.35,-0.0348767
7.36,-0.0499515
7.37,-0.0659568
7.38,-0.0826341
7.39,-0.0997149
7.4,-0.116924
7.41,-0.133981
7.42,-0.150609
7.43,-0.166531
7.44,-0.181477
7.45,-0.195188
7.46,-0.207419
7.47,-0.217938
7.48,-0.226534
7.49,-0.233018
7.5,-0.237223
7.51,-0.239009
7.52,-0.238264
7.53,-0.234904
7.54,-0.228877
7.55,-0.220161
7.56,-0.208765
7.57,-0.19473
7.58,-0.178129
7.59,-0.159064
7.6,-0.137667
7.61,-0.114099
7.62,-0.0885456
7.63,-0.0612174
7.64,-0.0323469
7.65,-0.00218592
7.66,0.0289973
7.67,0.060921
7.68,0.093293
7.69,0.125814
7.7,0.158181
7.71,0.190092
7.72,0.221245
7.73,0.251349
7.74,0.280118
7.75,0.307283
7.76,0.332589
7.77,0.355802
7.78,0.376706
7.79,0.395114
7.8,0.410861
7.81,0.423812
7.82,0.433861
7.83,0.440934
7.84,0.444986
7.85,0.446006
7.86,0.444015
7.87,0.439064
7.88,0.431237
7.89,0.420648
7.9,0.407438
7.91,0.391776
7.92,0.373858
7.93,0.353898
7.94,0.332136
7.95,0.308825
7.96,0.284234
7.97,0.258644
7.98,0.232343
7.99,0.205624
8,0.178781
8.01,0.152107
8.02,0.125888
8.03,0.100403
8.04,0.0759162
8.05,0.0526796
8.06,0.0309257
8.07,0.0108667
8.08,-0.00730815
8.09,-0.0234348
8.1,-0.0373763
8.11,-0.0490242
8.12,-0.0582996
8.13,-0.0651544
8.14,-0.0695713
8.15,-0.0715643
8.16,-0.0711781
8.17,-0.0684878
8.18,-0.0635975
8.19,-0.0566394
8.2,-0.0477719
8.21,-0.0371776
8.22,-0.0250611
8.23,-0.0116467
8.24,0.00282485
8.25,0.0180988
8.26,0.0339097
8.27,0.0499849
8.28,0.0660472
8.29,0.0818192
8.3,0.0970256
8.31,0.111397
8.32,0.124675
8.33,0.136611
8.34,0.146973
8.35,0.155549
8.36,0.162145
8.37,0.166593
8.38,0.168749
8.39,0.168496
8.4,0.165748
8.41,0.160448
8.42,0.152567
8.43,0.142112
8.44,0.129117
8.45,0.113651
8.46,0.0958099
8.47,0.0757215
8.48,0.0535402
8.49,0.0294474
8.5,0.00364853
8.51,-0.0236286
8.52,-0.052137
8.53,-0.0816126
8.54,-0.111778
8.55,-0.142344
8.56,-0.173016
8.57,-0.203494
8.58,-0.233477
8.59,-0.262669
8.6,-0.290777
8.61,-0.31752
8.62,-0.34263
8.63,-0.365853
8.64,-0.386955
8.65,-0.405723
8.66,-0.421968
8.67,-0.435526
8.68,-0.446264
8.69,-0.454074
8.7,-0.458882
8.71,-0.460645
8.72,-0.45935
8.73,-0.455019
8.74,-0.447702
8.75,-0.437485
8.76,-0.42448
8.77,-0.408831
8.78,-0.390707
8.79,-0.370304
8.8,-0.34784
8.81,-0.323554
8.82,-0.297703
8.83,-0.270558
8.84,-0.242403
8.85,-0.213529
8.86,-0.184233
8.87,-0.154813
8.88,-0.125567
8.89,-0.0967853
8.9,-0.0687516
8.91,-0.0417374
8.92,-0.0159992
8.93,0.00822386
8.94,0.0307132
8.95,0.051273
8.96,0.0697325
8.97,0.0859477
8.98,0.0998033
8.99,0.111213
9,0.120123
9.01,0.126508
9.02,0.130376
9.03,0.131764
9.04,0.130742
9.05,0.127409
9.06,0.121889
9.07,0.114337
9.08,0.104931
9.09,0.0938706
9.1,0.0813764
9.11,0.0676861
9.12,0.0530517
9.13,0.0377364
9.14,0.0220117
9.15,0.00615356
9.16,-0.00956053
9.17,-0.0248552
9.18,-0.0394603
9.19,-0.0531146
9.2,-0.0655685
9.21,-0.0765876
9.22,-0.0859551
9.23,-0.0934748
9.24,-0.0989734
9.25,-0.102303
9.26,-0.103341
9.27,-0.101996
9.28,-0.0982047
9.29,-0.0919342
9.3,-0.083183
9.31,-0.0719809
9.32,-0.0583886
9.33,-0.042497
9.34,-0.0244268
9.35,-0.00432629
9.36,0.0176294
9.37,0.0412408
9.38,0.0662862
9.39,0.092524
9.4,0.119696
9.41,0.147529
9.42,0.175739
9.43,0.204036
9.44,0.232124
9.45,0.259706
9.46,0.286488
9.47,0.312181
9.48,0.336508
9.49,0.3592
9.5,0.380007
9.51,0.398696
9.52,0.415056
9.53,0.428897
9.54,0.440059
9.55,0.448406
9.56,0.453832
9.57,0.456264
9.58,0.455658
9.59,0.452002
9.6,0.445316
9.61,0.435653
9.62,0.423097
9.63,0.407761
9.64,0.38979
9.65,0.369353
9.66,0.346648
9.67,0.321892
9.68,0.295328
9.69,0.267212
9.7,0.23782
9.71,0.207436
9.72,0.176354
9.73,0.144876
9.74,0.113302
9.75,0.0819329
9.76,0.051065
9.77,0.0209856
9.78,-0.00802917
9.79,-0.0357175
9.8,-0.0618352
9.81,-0.0861581
9.82,-0.108485
9.83,-0.128638
9.84,-0.14647
9.85,-0.161857
9.86,-0.174709
9.87,-0.184964
9.88,-0.192593
9.89,-0.197597
9.9,-0.200009
9.91,-0.199894
9.92,-0.197343
9.93,-0.192481
9.94,-0.185455
9.95,-0.17644
9.96,-0.165633
9.97,-0.153253
9.98,-0.139534
9.99,-0.124728
10,-0.109096
10.01,-0.0929096
10.02,-0.0764457
10.03,-0.0599823
10.04,-0.0437965
10.05,-0.0281605
10.06,-0.0133385
10.07,0.000416703
10.08,0.0128667
10.09,0.0237903
10.1,0.0329863
10.11,0.0402761
10.12,0.0455056
10.13,0.0485473
10.14,0.0493019
10.15,0.0476995
10.16,0.0437006
10.17,0.0372965
10.18,0.0285097
10.19,0.0173934
10.2,0.00403129
10.21,-0.0114635
10.22,-0.0289496
10.23,-0.0482591
10.24,-0.0691995
10.25,-0.0915556
10.26,-0.115092
10.27,-0.139557
10.28,-0.164683
10.29,-0.190193
10.3,-0.215799
10.31,-0.241211
10.32,-0.266136
10.33,-0.290284
10.34,-0.313371
10.35,-0.335119
10.36,-0.355265
10.37,-0.37356
10.38,-0.389772
10.39,-0.403692
10.4,-0.415132
10.41,-0.423931
10.42,-0.429955
10.43,-0.433098
10.44,-0.433286
10.45,-0.430475
10.46,-0.424654
10.47,-0.415843
10.48,-0.404094
10.49,-0.38949
10.5,-0.372146
10.51,-0.352204
10.52,-0.329835
10.53,-0.305237
10.54,-0.278628
10.55,-0.25025
10.56,-0.220362
10.57,-0.189239
10.58,-0.157169
10.59,-0.124447
10.6,-0.091375
10.61,-0.0582584
10.62,-0.0254001
10.63,0.0069013
10.64,0.0383546
10.65,0.0686801
10.66,0.0976121
10.67,0.124902
10.68,0.150322
10.69,0.173665
10.7,0.194752
10.71,0.213426
10.72,0.229562
10.73,0.243065
10.74,0.253868
10.75,0.261936
10.76,0.267269
10.77,0.269893
10.78,0.26987
10.79,0.267289
10.8,0.262269
10.81,0.254956
10.82,0.245523
10.83,0.234164
10.84,0.221097
10.85,0.206556
10.86,0.190791
10.87,0.174065
10.88,0.156651
10.89,0.138825
10.9,0.120869
10.91,0.103062
10.92,0.0856796
10.93,0.06899
10.94,0.0532502
10.95,0.0387038
10.96,0.0255773
10.97,0.0140779
10.98,0.00439039
10.99,-0.00332427
11,-0.00893158
11.01,-0.0123249
11.02,-0.0134266
11.03,-0.0121896
11.04,-0.00859701
11.05,-0.0026634
11.06,0.00556599
11.07,0.0160155
11.08,0.02858
11.09,0.043126
11.1,0.0594931
11.11,0.0774962
11.12,0.0969273
11.13,0.117558
11.14,0.139143
11.15,0.16142
11.16,0.184118
11.17,0.206955
11.18,0.229645
11.19,0.2519
11.2,0.273433
11.21,0.293964
11.22,0.313217
11.23,0.330933
11.24,0.346864
11.25,0.36078
11.26,0.372472
11.27,0.381754
11.28,0.388464
11.29,0.39247
11.3,0.393665
11.31,0.391974
11.32,0.387353
11.33,0.37979
11.34,0.369304
11.35,0.355946
11.36,0.339799
11.37,0.320976
11.38,0.299618
11.39,0.275897
11.4,0.250007
11.41,0.222168
11.42,0.192621
11.43,0.161625
11.44,0.129455
11.45,0.0963984
11.46,0.0627528
11.47,0.0288209
11.48,-0.00509167
11.49,-0.03868
11.5,-0.0716435
11.51,-0.103689
11.52,-0.134534
11.53,-0.163911
11.54,-0.191568
11.55,-0.217274
11.56,-0.24082
11.57,-0.262021
11.58,-0.28072
11.59,-0.296787
11.6,-0.310122
11.61,-0.320658
11.62,-0.328355
11.63,-0.33321
11.64,-0.335246
11.65,-0.334523
11.66,-0.331127
11.67,-0.325176
11.68,-0.316814
11.69,-0.306212
11.7,-0.293565
11.71,-0.279089
11.72,-0.263019
11.73,-0.245606
11.74,-0.227115
11.75,-0.207818
11.76,-0.187997
11.77,-0.167935
11.78,-0.147916
11.79,-0.128218
11.8,-0.109115
11.81,-0.0908695
11.82,-0.07373
11.83,-0.0579295
11.84,-0.0436818
11.85,-0.0311787
11.86,-0.0205886
11.87,-0.0120535
11.88,-0.00568812
11.89,-0.00157797
11.9,0.000221291
11.91,-0.000315285
11.92,-0.0031817
11.93,-0.00834108
11.94,-0.0157261
11.95,-0.0252398
11.96,-0.0367566
11.97,-0.0501241
11.98,-0.0651646
11.99,-0.0816773
12,-0.0994408
12.01,-0.118215
12.02,-0.137746
12.03,-0.157767
12.04,-0.178001
12.05,-0.198166
12.06,-0.21798
12.07,-0.237158
12.08,-0.255422
12.09,-0.272502
12.1,-0.288137
12.11,-0.302082
12.12,-0.314109
12.13,-0.324009
12.14,-0.331596
12.15,-0.336708
12.16,-0.339211
12.17,-0.338998
12.18,-0.335993
12.19,-0.330151
12.2,-0.321457
12.21,-0.309929
12.22,-0.295616
12.23,-0.278598
12.24,-0.258986
12.25,-0.236921
12.26,-0.212571
12.27,-0.186129
12.28,-0.157814
12.29,-0.127863
12.3,-0.0965367
12.31,-0.0641072
12.32,-0.0308618
12.33,0.00290326
12.34,0.0368852
12.35,0.0707786
12.36,0.104278
12.37,0.137083
12.38,0.168898
12.39,0.199442
12.4,0.228444
12.41,0.255651
12.42,0.280831
12.43,0.303772
12.44,0.324289
12.45,0.34222
12.46,0.357436
12.47,0.369834
12.48,0.379342
12.49,0.385923
12.5,0.389567
12.51,0.3903
12.52,0.388177
12.53,0.383284
12.54,0.375738
12.55,0.365684
12.56,0.35329
12.57,0.338753
12.58,0.32229
12.59,0.304136
12.6,0.284544
12.61,0.26378
12.62,0.242121
12.63,0.219851
12.64,0.197257
12.65,0.174625
12.66,0.152242
12.67,0.130383
12.68,0.109319
12.69,0.0893032
12.7,0.0705758
12.71,0.0533574
12.72,0.0378472
12.73,0.0242211
12.74,0.0126291
12.75,0.00319395
12.76,-0.0039906
12.77,-0.00886053
12.78,-0.0113825
12.79,-0.011554
12.8,-0.00940366
12.81,-0.00499053
12.82,0.00159646
12.83,0.0102397
12.84,0.0207942
12.85,0.0330897
12.86,0.0469321
12.87,0.0621066
12.88,0.0783796
12.89,0.0955018
12.9,0.113211
12.91,0.131237
12.92,0.149301
12.93,0.167123
12.94,0.184422
12.95,0.200923
12.96,0.216356
12.97,0.230462
12.98,0.242998
12.99,0.253734
13,0.262461
13.01,0.268993
13.02,0.273167
13.03,0.274847
13.04,0.273924
13.05,0.27032
13.06,0.263986
13.07,0.254905
13.08,0.243092
13.09,0.228593
13.1,0.211485
13.11,0.191876
13.12,0.169902
13.13,0.145729
13.14,0.119548
13.15,0.0915718
13.16,0.0620383
13.17,0.0312024
13.18,-0.000664421
13.19,-0.0332777
13.2,-0.066343
13.21,-0.0995592
13.22,-0.132622
13.23,-0.165228
13.24,-0.197076
13.25,-0.227873
13.26,-0.257335
13.27,-0.285195
13.28,-0.311197
13.29,-0.335109
13.3,-0.356719
13.31,-0.37584
13.32,-0.392312
13.33,-0.406001
13.34,-0.416805
13.35,-0.424651
13.36,-0.4295
13.37,-0.431343
13.38,-0.430204
13.39,-0.426137
13.4,-0.419229
13.41,-0.409595
13.42,-0.397381
13.43,-0.382757
13.44,-0.365918
13.45,-0.347084
13.46,-0.326492
13.47,-0.304396
13.48,-0.281066
13.49,-0.256781
13.5,-0.231828
13.51,-0.206499
13.52,-0.181085
13.53,-0.155876
13.54,-0.131155
13.55,-0.107196
13.56,-0.0842606
13.57,-0.0625947
13.58,-0.0424259
13.59,-0.0239608
13.6,-0.00738274
13.61,0.0071506
13.62,0.0195086
13.63,0.0295894
13.64,0.037321
13.65,0.0426619
13.66,0.0456016
13.67,0.0461608
13.68,0.0443908
13.69,0.0403729
13.7,0.0342174
13.71,0.0260623
13.72,0.0160714
13.73,0.00443219
13.74,-0.00864601
13.75,-0.0229351
13.76,-0.0381905
13.77,-0.0541548
13.78,-0.0705602
13.79,-0.0871322
13.8,-0.103593
13.81,-0.119663
13.82,-0.13507
13.83,-0.149543
13.84,-0.162825
13.85,-0.174671
13.86,-0.184851
13.87,-0.193155
13.88,-0.199393
13.89,-0.203401
13.9,-0.20504
13.91,-0.204199
13.92,-0.200794
13.93,-0.194773
13.94,-0.186117
13.95,-0.174834
13.96,-0.160967
13.97,-0.144588
13.98,-0.1258
13.99,-0.104736
14,-0.0815554
14.01,-0.0564453
14.02,-0.0296157
14.03,-0.00129885
14.04,0.0282539
14.05,0.0587748
14.06,0.0899829
14.07,0.121587
14.08,0.153289
14.09,0.184786
14.1,0.215779
14.11,0.245967
14.12,0.275059
14.13,0.302774
14.14,0.328843
14.15,0.353014
14.16,0.375054
14.17,0.394751
14.18,0.411919
14.19,0.426396
14.2,0.438051
14.21,0.446779
14.22,0.452509
14.23,0.4552
14.24,0.454844
14.25,0.451463
14.26,0.445113
14.27,0.435879
14.28,0.423879
14.29,0.409257
14.3,0.392186
14.31,0.372861
14.32,0.351503
14.33,0.328352
14.34,0.303665
14.35,0.277712
14.36,0.250777
14.37,0.223151
14.38,0.195128
14.39,0.167005
14.4,0.139076
14.41,0.111629
14.42,0.0849447
14.43,0.0592896
14.44,0.0349162
14.45,0.0120586
14.46,-0.00906991
14.47,-0.0282789
14.48,-0.0454035
14.49,-0.0603057
14.5,-0.0728763
14.51,-0.0830358
14.52,-0.0907354
14.53,-0.0959574
14.54,-0.0987151
14.55,-0.0990528
14.56,-0.0970453
14.57,-0.0927963
14.58,-0.0864376
14.59,-0.0781272
14.6,-0.0680476
14.61,-0.0564031
14.62,-0.0434176
14.63,-0.0293316
14.64,-0.0143995
14.65,0.00111355
14.66,0.0169351
14.67,0.0327885
14.68,0.0483964
14.69,0.0634842
14.7,0.0777831
14.71,0.0910337
14.72,0.102989
14.73,0.113418
14.74,0.122107
14.75,0.128865
14.76,0.133522
14.77,0.135935
14.78,0.135989
14.79,0.133596
14.8,0.128699
14.81,0.121271
14.82,0.111318
14.83,0.0988744
14.84,0.0840083
14.85,0.0668165
14.86,0.0474256
14.87,0.02599
14.88,0.00269033
14.89,-0.0222684
14.9,-0.0486594
14.91,-0.0762364
14.92,-0.104737
14.93,-0.133884
14.94,-0.16339
14.95,-0.192962
14.96,-0.222302
14.97,-0.251111
14.98,-0.279093
14.99,-0.30596
15,-0.331432
15.01,-0.355241
15.02,-0.377139
15.03,-0.396893
15.04,-0.414292
15.05,-0.42915
15.06,-0.441308
15.07,-0.450632
15.08,-0.457021
15.09,-0.460401
15.1,-0.460733
15.11,-0.458007
15.12,-0.452248
15.13,-0.443509
15.14,-0.431879
15.15,-0.417473
15.16,-0.400438
15.17,-0.380945
15.18,-0.359193
15.19,-0.335404
15.2,-0.309818
15.21,-0.282694
15.22,-0.254307
15.23,-0.224942
15.24,-0.194892
15.25,-0.164457
15.26,-0.133936
15.27,-0.103628
15.28,-0.0738263
15.29,-0.0448147
15.3,-0.0168662
15.31,0.00976156
15.32,0.0348285
15.33,0.0581154
15.34,0.0794256
15.35,0.0985878
15.36,0.115458
15.37,0.12992
15.38,0.141888
15.39,0.151306
15.4,0.158152
15.41,0.162431
15.42,0.164183
15.43,0.163476
15.44,0.160409
15.45,0.155109
15.46,0.147728
15.47,0.138446
15.48,0.127462
15.49,0.114998
15.5,0.101292
15.51,0.0865957
15.52,0.0711729
15.53,0.0552953
15.54,0.0392392
15.55,0.0232826
15.56,0.00770093
15.57,-0.00723534
15.58,-0.0212646
15.59,-0.0341372
15.6,-0.0456183
15.61,-0.0554909
15.62,-0.0635585
15.63,-0.0696477
15.64,-0.0736097
15.65,-0.0753232
15.66,-0.0746948
15.67,-0.0716611
15.68,-0.0661892
15.69,-0.058277
15.7,-0.0479538
15.71,-0.0352795
15.72,-0.0203446
15.73,-0.00326862
15.74,0.0158007
15.75,0.0366895
15.76,0.0591992
15.77,0.0831092
15.78,0.108179
15.79,0.134153
15.8,0.160758
15.81,0.187714
15.82,0.21473
15.83,0.241513
15.84,0.267768
15.85,0.293204
15.86,0.317534
15.87,0.340482
15.88,0.361783
15.89,0.38119
15.9,0.398471
15.91,0.413417
15.92,0.425845
15.93,0.435593
15.94,0.442531
15.95,0.446556
15.96,0.447596
15.97,0.44561
15.98,0.44059
15.99,0.432559
16,0.421573
16.01,0.407718
16.02,0.391111
16.03,0.371898
16.04,0.350251
16.05,0.32637
16.06,0.300477
16.07,0.272814
16.08,0.243642
16.09,0.213236
16.1,0.181884
16.11,0.149881
16.12,0.11753
16.13,0.0851335
16.14,0.0529932
16.15,0.0214058
16.16,-0.00934003
16.17,-0.0389675
16.18,-0.0672142
16.19,-0.0938356
16.2,-0.118607
16.21,-0.141328
16.22,-0.16182
16.23,-0.179935
16.24,-0.195551
16.25,-0.208578
16.26,-0.218954
16.27,-0.226651
16.28,-0.23167
16.29,-0.234046
16.3,-0.233843
16.31,-0.231155
16.32,-0.226106
16.33,-0.218845
16.34,-0.209547
16.35,-0.198412
16.36,-0.185657
16.37,-0.171519
16.38,-0.156251
16.39,-0.140114
16.4,-0.123382
16.41,-0.106331
16.42,-0.0892407
16.43,-0.0723895
16.44,-0.0560503
16.45,-0.0404879
16.46,-0.0259561
16.47,-0.0126942
16.48,-0.000924024
16.49,0.00915234
16.5,0.0173554
16.51,0.0235304
16.52,0.027549
16.53,0.0293111
16.54,0.0287459
16.55,0.0258131
16.56,0.0205031
16.57,0.0128373
16.58,0.00286815
16.59,-0.00932183
16.6,-0.0236206
16.61,-0.0398881
16.62,-0.0579577
16.63,-0.077638
16.64,-0.0987155
16.65,-0.120957
16.66,-0.14411
16.67,-0.167912
16.68,-0.192084
16.69,-0.216344
16.7,-0.240401
16.71,-0.263966
16.72,-0.28675
16.73,-0.308471
16.74,-0.328855
16.75,-0.34764
16.76,-0.36458
16.77,-0.379447
16.78,-0.392031
16.79,-0.40215
16.8,-0.409645
16.81,-0.414383
16.82,-0.416264
16.83,-0.415213
16.84,-0.411192
16.85,-0.40419
16.86,-0.394231
16.87,-0.381369
16.88,-0.36569
16.89,-0.347311
16.9,-0.326377
16.91,-0.303061
16.92,-0.277562
16.93,-0.250101
16.94,-0.220921
16.95,-0.190283
16.96,-0.158465
16.97,-0.125753
16.98,-0.0924466
16.99,-0.0588475
17,-0.0252614
17.01,0.00800789
17.02,0.040661
17.03,0.0724066
17.04,0.102965
17.05,0.13207
17.06,0.159474
17.07,0.184948
17.08,0.208288
17.09,0.229312
17.1,0.247867
17.11,0.263828
17.12,0.2771
17.13,0.287619
17.14,0.29535
17.15,0.300293
17.16,0.302478
17.17,0.301967
17.18,0.29885
17.19,0.293248
17.2,0.28531
17.21,0.275208
17.22,0.26314
17.23,0.249324
17.24,0.233996
17.25,0.217408
17.26,0.199824
17.27,0.181518
17.28,0.162769
17.29,0.143859
17.3,0.125069
17.31,0.106676
17.32,0.0889503
17.33,0.0721491
17.34,0.0565177
17.35,0.0422837
17.36,0.0296556
17.37,0.0188195
17.38,0.00993745
17.39,0.00314504
17.4,-0.00144987
17.41,-0.00376864
17.42,-0.00376276
17.43,-0.0014145
17.44,0.00326295
17.45,0.0102255
17.46,0.0193988
17.47,0.0306788
17.48,0.0439335
17.49,0.059004
17.5,0.0757063
17.51,0.0938342
17.52,0.113161
17.53,0.133442
17.54,0.154418
17.55,0.175818
17.56,0.197364
17.57,0.218771
17.58,0.239753
17.59,0.260026
17.6,0.279309
17.61,0.297332
17.62,0.313836
17.63,0.328575
17.64,0.341322
17.65,0.351871
17.66,0.360038
17.67,0.365664
17.68,0.368617
17.69,0.368795
17.7,0.366124
17.71,0.360563
17.72,0.352101
17.73,0.34076
17.74,0.326593
17.75,0.309685
17.76,0.290151
17.77,0.268135
17.78,0.243807
17.79,0.217367
17.8,0.189033
17.81,0.15905
17.82,0.127676
17.83,0.0951874
17.84,0.0618734
17.85,0.028031
17.86,-0.00603623
17.87,-0.0400225
17.88,-0.0736229
17.89,-0.106537
17.9,-0.138471
17.91,-0.169145
17.92,-0.19829
17.93,-0.225656
17.94,-0.251013
17.95,-0.274152
17.96,-0.29489
17.97,-0.313071
17.98,-0.328568
17.99,-0.341282
18,-0.351146
18.01,-0.358124
18.02,-0.362212
18.03,-0.36344
18.04,-0.361865
18.05,-0.357577
18.06,-0.350696
18.07,-0.341369
18.08,-0.329768
18.09,-0.31609
18.1,-0.300554
18.11,-0.283397
18.12,-0.264871
18.13,-0.245243
18.14,-0.224789
18.15,-0.203791
18.16,-0.182534
18.17,-0.161304
18.18,-0.140382
18.19,-0.120042
18.2,-0.100548
18.21,-0.082152
18.22,-0.0650869
18.23,-0.0495685
18.24,-0.03579
18.25,-0.0239211
18.26,-0.0141052
18.27,-0.00645818
18.28,-0.001067
18.29,0.0020115
18.3,0.00275113
18.31,0.00115666
18.32,-0.00273626
18.33,-0.00886154
18.34,-0.0171234
18.35,-0.0273978
18.36,-0.0395333
18.37,-0.0533537
18.38,-0.0686596
18.39,-0.0852308
18.4,-0.102829
18.41,-0.121202
18.42,-0.140083
18.43,-0.159198
18.44,-0.178267
18.45,-0.197008
18.46,-0.21514
18.47,-0.232385
18.48,-0.248475
18.49,-0.263152
18.5,-0.276172
18.51,-0.287308
18.52,-0.296355
18.53,-0.303127
18.54,-0.307465
18.55,-0.309236
18.56,-0.308336
18.57,-0.304691
18.58,-0.298256
18.59,-0.289019
18.6,-0.276998
18.61,-0.262246
18.62,-0.244843
18.63,-0.224902
18.64,-0.202565
18.65,-0.178
18.66,-0.151402
18.67,-0.12299
18.68,-0.0930041
18.69,-0.061702
18.7,-0.0293582
18.71,0.00374052
18.72,0.0372977
18.73,0.0710109
18.74,0.104575
18.75,0.137685
18.76,0.170041
18.77,0.20135
18.78,0.23133
18.79,0.259712
18.8,0.286245
18.81,0.310697
18.82,0.33286
18.83,0.352548
18.84,0.369605
18.85,0.383899
18.86,0.395333
18.87,0.403836
18.88,0.409373
18.89,0.411937
18.9,0.411556
18.91,0.408288
18.92,0.402222
18.93,0.393476
18.94,0.382198
18.95,0.368559
18.96,0.352759
18.97,0.335015
18.98,0.315567
18.99,0.29467
19,0.272593
19.01,0.249613
19.02,0.226017
19.03,0.202094
19.04,0.178134
19.05,0.154423
19.06,0.131241
19.07,0.108857
19.08,0.0875294
19.09,0.0674983
19.1,0.048986
19.11,0.0321934
19.12,0.0172976
19.13,0.00445004
19.14,-0.00622536
19.15,-0.0146335
19.16,-0.0207093
19.17,-0.0244182
19.18,-0.0257568
19.19,-0.0247525
19.2,-0.0214633
19.21,-0.0159771
19.22,-0.00841053
19.23,0.00109251
19.24,0.0123626
19.25,0.025207
19.26,0.0394118
19.27,0.0547444
19.28,0.0709569
19.29,0.0877884
19.3,0.104969
19.31,0.122222
19.32,0.139267
19.33,0.155827
19.34,0.171626
19.35,0.186397
19.36,0.199881
19.37,0.211837
19.38,0.222036
19.39,0.230271
19.4,0.236356
19.41,0.24013
19.42,0.241459
19.43,0.240234
19.44,0.236379
19.45,0.229846
19.46,0.22062
19.47,0.208715
19.48,0.19418
19.49,0.177091
19.5,0.157557
19.51,0.135717
19.52,0.111734
19.53,0.0857999
19.54,0.05813
19.55,0.0289605
19.56,-0.0014536
19.57,-0.0328411
19.58,-0.0649179
19.59,-0.0973903
19.6,-0.129958
19.61,-0.162318
19.62,-0.194167
19.63,-0.225205
19.64,-0.255143
19.65,-0.283696
19.66,-0.310599
19.67,-0.3356
19.68,-0.358467
19.69,-0.378991
19.7,-0.396987
19.71,-0.412297
19.72,-0.424791
19.73,-0.434368
19.74,-0.440959
19.75,-0.444527
19.76,-0.445066
19.77,-0.442602
19.78,-0.437192
19.79,-0.428927
19.8,-0.417925
19.81,-0.404333
19.82,-0.388324
19.83,-0.370098
19.84,-0.349875
19.85,-0.327896
19.86,-0.304417
19.87,-0.279711
19.88,-0.254059
19.89,-0.227751
19.9,-0.201079
19.91,-0.174339
19.92,-0.14782
19.93,-0.12181
19.94,-0.096582
19.95,-0.0724006
19.96,-0.0495129
19.97,-0.028148
19.98,-0.00851381
19.99,0.00920524
